10 Second Ninja X~Platform~Four Circle Int.~Curve Digital~No~Unreleased~Jul 19, 2016~Jul 19, 2016~	[3]
100ft Robot Golf~Sport~No Goblin~No Goblin~Console~Oct 10, 2016~Oct 10, 2016~Oct 10, 2016~ VR ~
101 Ways to Die~Platform, puzzle~Four Door Lemon~Vision Games~No~Mar 22, 2016~Mar 22, 2016~Mar 22, 2016~	[4]
140~Platform~Double Fine Prod.~Abstraction Games~No~Sep 1, 2016~Sep 1, 2016~Sep 1, 2016~
1001 Spikes~Platform~8bits Fanatics~Nicalis~No~Nov 27, 2015~Oct 7, 2015~Jun 3, 2014~	[5]
13 Sentinels: Aegis Rim~Mecha~Vanillaware~Atlus~Sony~2018~TBA~TBA~
2064: Read Only Memories~Adventure~MidBoss~MidBoss~Timed~Jan 17, 2017~Jan 17, 2017~Jan 17, 2017~	[6]
20XX~Action, platform~Batterystaple Games~Batterystaple Games~No~2018~2018~2018~
The 25th Ward: The Silver Case~Visual novel~Grasshopper~NIS America~Console~Mar 15, 2018~2018~2018~
2Dark~Horror, stealth~Gloomywood~Bigben Int.~No~Jun 29, 2017~Mar 10, 2017~Mar 10, 2017~	[7]
428: Shibuya Scramble~Visual novel~Abstraction Games~Spike Chunsoft~No~Q1 2018~Q1 2018~Q1 2018~
7 Days to Die~Survival~The Fun Pimps~Telltale Publishing~No~Jun 28, 2016~Jul 1, 2016~Jun 28, 2016~
8-Bit Armies~Real-time strategy~Petroglyph Games~Soedesco~No~TBA~TBA~TBA~
8-Bit Hordes~Real-time strategy~Petroglyph Games~Soedesco~No~TBA~TBA~TBA~
88 Heroes~Platform~Bitmap Bureau~Rising Star Games~No~Unreleased~Mar 24, 2017~Mar 24, 2017~	[8]
99Vidas~Beat 'em up~QuByte Int.~QuByte Int.~No~Dec 8, 2017~Dec 8, 2017~Jul 18, 2017~ Vita ~
A-Train Express~Simulation~Artdink~Artdink~Yes~Dec 21, 2017~TBA~TBA~ VR ~
Aaero~Shooter~Mad Fellows Games~Reverb Triple XP~No~Unreleased~Apr 11, 2017~Apr 11, 2017~
Aaru's Awakening~Platform~Lumenox Games~Lumenox Games~No~Aug 5, 2015~Apr 8, 2015~Apr 7, 2015~	[9]
A Boy and His Blob~Platform, puzzle~Abstraction Games~Majesco Ent~No~Jan 19, 2016~Jan 19, 2016~Jan 19, 2016~
Absolute Drift: Zen Edition~Racing~Funselektor Labs~Flippfly~No~Unreleased~Aug 16, 2016~Aug 23, 2016~
Absolver~Action RPG~Sloclap~Devolver Digital~Timed~Aug 29, 2017~Aug 29, 2017~Aug 29, 2017~	[10]
Abzû~Adventure, art~Giant Squid~505 Games~No~Aug 2, 2016~Aug 2, 2016~Aug 2, 2016~ P ~[11]
Accel World VS Sword Art Online~Action RPG~	Bandai Namco Ent.~Console~Mar 16, 2017~Jul 7, 2017~Jul 7, 2017~
Ace Combat 7: Skies Unknown~Flight simulator~Project Aces~Bandai Namco Ent.~No~2018~2018~2018~ VR ~
A Certain Magical Virtual-On~Action~Sega~Sega~Sony~Feb 15, 2018~TBA~TBA~
Act It Out! A Game of Charades~Party~Snap Finger Click~Snap Finger Click~No~Unreleased~Jan 12, 2016~Jan 5, 2016~
Action Henk~Platform~RageSquid~Curve Digital~No~Mar 8, 2016~Mar 8, 2016~Mar 8, 2016~
Adrift~First-person~Three One Zero~505 Games~Console~Jul 15, 2016~Jul 15, 2016~Jul 15, 2016~	[12]
Adventures of Pip~Platform~Tic Toc Games~Tic Toc Games~No~Unreleased~Feb 9, 2016~Aug 18, 2015~	[13]
Adventures of Scarlet Curiosity~Action RPG~Ankake Supa~Mediascape~Console~Sep 27, 2016~Unreleased~Unreleased~
Adventure Time: Finn & Jake Investigations~Action-adventure~Vicious Cycle Software~Little Orbit~No~Unreleased~Nov 6, 2015~Oct 20, 2015~	[14]
Aegis of Earth: Protonovus Assault~Tower defense~Acquire~Aksys Games~Console~Unreleased~Apr 22, 2016~Mar 15, 2016~	[15]
AER - Memories of Old~Adventure~Forgotten Key~Daedalic Ent.~No~Oct 25, 2017~Oct 25, 2017~Oct 25, 2017~
AeternoBlade~Action~Corcell Technology~Corcell Technology~No~Apr 26, 2016~Aug 5, 2015~Aug 4, 2015~	[16]
A Few Days Left~	ALYJC Software~ALYJC Software~Yes~Released exclusively in China (2017)~	[17]
Agatha Christie: The ABC Murders~Point-and-click adventure~Artefacts Studio~Microïds~No~Apr 28, 2017~Feb 4, 2016~Feb 23, 2016~	[18]
Agents of Mayhem~Action, third-person~Volition~Deep Silver~No~Dec 7, 2017~Aug 18, 2017~Aug 15, 2017~ P ~[2]
Agony~Survival Horror~Madmind Studio~PlayWay~No~Mar 30, 2018~Mar 30, 2018~Mar 30, 2018~
A Hat in Time~Platform~Gears for Breakfast~Gears for Breakfast~No~Unreleased~Dec 6, 2017~Dec 6, 2017~	[19]
A Healer Only Lives Twice~Dungeon crawl~Pon Pon Games~Platine Dispositif~Console~Unreleased~Jul 25, 2017~Unreleased~
AIPD~Shoot 'em up~Blazing Badger~Blazing Badger~No~Unreleased~Jan 29, 2016~Jan 29, 2016~	[20]
Air Conflicts: Pacific Carriers~Flight simulator~Games Farm~Kalypso Media~No~Unreleased~Nov 6, 2015~Nov 3, 2015~	[21]
Air Conflicts: Vietnam~Flight simulator~Games Farm~bitComposer~No~Unreleased~Unreleased~Nov 26, 2013~
Airport Architect~Simulation~UIG Ent.~UIG Ent.~No~TBA~TBA~TBA~
Airship Q~Action RPG~Miracle Positive~Miracle Positive~Sony~Nov 19, 2015~Unreleased~Unreleased~
Akiba's Beat~Action RPG~Acquire~Marvelous USA~Console~Dec 15, 2016~Mar 19, 2017~May 2, 2017~	[22]
Akiba's Trip: Undead & Undressed~Action RPG~Acquire~Marvelous USA~Console~Jul 3, 2014~Feb 13, 2015~Nov 25, 2014~	[23]
Alekhine's Gun~Action, stealth~Haggard Games~Maximum Games~No~Nov 10, 2015~Mar 11, 2016~Nov 1, 2015~
Alienation~Shoot 'em up~Housemarque~Sony Interactive Ent.~Yes~Jun 2, 2016~Apr 26, 2016~Apr 26, 2016~	[24]
Alien: Isolation~Survival horror~Creative Assembly~Sega~No~Jun 11, 2015~Oct 7, 2014~Oct 7, 2014~ C ~[25]
Alone with You~Adventure~Benjamin Rivers~Benjamin Rivers~Console~Unreleased~Aug 23, 2016~Aug 23, 2016~
Always Sometimes Monsters~RPG~Vagabond Dog~Devolver Digital~Console~Unreleased~Oct 10, 2017~Oct 10, 2017~
Amazing Discoveries in Outer Space~Platform~Cosmic Picnic~Cosmic Picnic~Yes~Unreleased~Feb 3, 2016~Feb 2, 2016~	[20]
The Amazing Spider-Man 2~Action-adventure~Beenox~Activision~No~Sep 4, 2014~May 2, 2014~Apr 29, 2014~	[26]
Amnesia Collection~Survival horror~Frictional Games~Frictional Games~Console~Nov 22, 2016~Nov 22, 2016~Nov 22, 2016~ P ~[27]
Among the Sleep~Survival horror~Krillbite Studio~Krillbite Studio~No~Dec 10, 2015~Dec 10, 2015~Dec 10, 2015~	[28]
Amplitude~Music, rhythm~Harmonix~Harmonix~Sony~Jan 5, 2016~Jan 5, 2016~Jan 5, 2016~	[29]
Anarcute~Action~AnarTeam~AnarTeam~No~TBA~TBA~TBA~
Anew: The Distant Light~Action, puzzle~Resonator~Resonator~No~TBA~TBA~TBA~
Anger Force~	Xindong Network~Xindong Network~Yes~Released exclusively in China (Sep 2015)~	[17]
Angry Birds Star Wars~Puzzle~Exient Ent~Activision~No~Unreleased~Nov 29, 2013~Nov 15, 2013~ C  M ~[30]
Anima: Gate of Memories~Action RPG~Anima Project~BadLand Games~No~Jan 1, 2017~Jun 3, 2016~Mar 21, 2017~	[31]
Anodyne~RPG~Analgesic Prod.~Nnooo~No~TBA~TBA~TBA~
Anoko wa Ore kara Hanarenai[ja]~Visual novel~Giga~TGL~Console~Dec 18, 2014~Unreleased~Unreleased~
Anomaly 2~Real-time strategy~11 bit studios~11 bit studios~Console~Unreleased~Sep 17, 2014~Sep 16, 2014~	[32]
Anonymous;Code~Visual novel~5pb., Chiyomaru Studio~5pb.~No~TBA~Unreleased~Unreleased~
Another World: 20th Anniversary Edition~Cinematic platformer~The Digital Lounge~The Digital Lounge~No~Jun 25, 2014~Jun 25, 2014~Jun 25, 2014~
Anthem~Action RPG~BioWare~Electronic Arts~No~2018~2018~2018~
Antiquia Lost~RPG~EXE-Create~Kemco~No~Aug 16, 2017~Sep 5, 2017~Sep 5, 2017~
A Pixel Story~Platform, puzzle~Lamplight Studios~Rising Star Games~No~Feb 24, 2017~Feb 24, 2017~Feb 24, 2017~
A Plague Tale: Innocence~Action-adventure~Asobo Studio~Focus Home Int.~No~2018~2018~2018~
Apotheon~Action RPG, platform~Alientrap~Alientrap~Console~Feb 3, 2015~Feb 3, 2015~Feb 3, 2015~	[24]
Aqua Moto Racing Utopia~Racing~Zordix AB~Zordix AB~No~Unreleased~Nov 30, 2016~Nov 29, 2016~	[33]
Aragami~Action, stealth~Lince Works~Merge Games~Timed~Oct 4, 2016~Oct 4, 2016~Oct 4, 2016~
Arcade Archives: A-Z~Assorted~Assorted~Hamster~No~Assorted~Assorted~Assorted~	[34]
Arcade Game Series: A-Z~Assorted~Assorted~Bandai Namco Ent.~No~Assorted~Assorted~Assorted~
Arcania: The Complete Tale~Action RPG~Black Forest Games~Nordic Games~No~Unreleased~May 8, 2015~May 12, 2015~	[35]
Ark: Survival Evolved~Action, survival~Studio Wildcard~Studio Wildcard~No~Aug 29, 2017~Aug 29, 2017~Aug 29, 2017~ P  VR ~
Armello~Board game, RPG~League of Geeks~League of Geeks~No~Sep 2, 2015~Sep 1, 2015~Sep 1, 2015~
Arslan: The Warriors of Legend~Action~Koei Tecmo~Koei Tecmo~No~Oct 1, 2015~Feb 12, 2016~Feb 9, 2016~	[36]
Art of Balance~Puzzle~Shin'en Multimedia~Shin'en Multimedia~No~Unreleased~Jun 3, 2016~Jun 3, 2016~ M ~[37]
Asemblance~Adventure~Nilo Studios~Nilo Studios~Console~Unreleased~Jul 26, 2016~Jun 21, 2016~	[38]
Ashen Rift~Survival horror~Pyroclastic Games~Pyroclastic Games~Console~TBA~TBA~TBA~
Ashes Cricket~Sports~Big Ant Studios~Big Ant Studios~No~Nov 16, 2017~Nov 16, 2017~Nov 16, 2017~
Assassin's Creed Chronicles~Action-adv, stealth~Climax Studios~Ubisoft~No~Assorted~Assorted~Assorted~	[39]
Assassin's Creed IV: Black Flag~Action-adv, stealth~Ubisoft Montreal~Ubisoft~No~Feb 22, 2014~Nov 22, 2013~Nov 15, 2013~	[30]
Assassin's Creed: Origins~Action-adv, stealth~Ubisoft~Ubisoft~No~Oct 27, 2017~Oct 27, 2017~Oct 27, 2017~ HDR  P ~
Assassin's Creed Syndicate~Action-adv, stealth~Ubisoft Quebec~Ubisoft~No~Oct 23, 2015~Oct 23, 2015~Oct 23, 2015~ P ~[14]
Assassin's Creed: The Ezio Collection~Action-adventure~Virtuos~Ubisoft~No~Nov 15, 2016~Nov 15, 2016~Nov 15, 2016~ P ~
Assassin's Creed Unity~Action-adv, stealth~Ubisoft Toronto~Ubisoft~No~Dec 4, 2014~Nov 13, 2014~Nov 11, 2014~	[40]
Assault Android Cactus~Shoot 'em up~Witch Beam~Witch Beam~No~Mar 9, 2016~Mar 8, 2016~Mar 8, 2016~
Assault Suit Leynos~Shooter~Dracue Software~Extreme Co.~Console~Dec 23, 2015~Jul 14, 2016~Jul 12, 2016~	[12]
The Assembly~Adventure~nDreams~nDreams~No~Oct 13, 2016~Oct 13, 2016~Oct 13, 2016~ P  VR ~
Assetto Corsa~Racing~Kunos Simulazioni~505 Games~No~Unreleased~Aug 26, 2016~Aug 30, 2016~	[41]
Astraea~City-building~Norwind Int~Norwind Int~No~TBA~TBA~TBA~
Atari Flashback Classics: Volume 1~Arcade~Atari~Atari~No~Unreleased~Jan 18, 2017~Oct 13, 2016~
Atari Flashback Classics: Volume 2~Arcade~Atari~Atari~No~Unreleased~Jan 18, 2017~Oct 13, 2016~
Atelier Firis: The Alchemist and the Mysterious Journey~RPG~Gust~Koei Tecmo~Console~Nov 2, 2016~Mar 7, 2017~Mar 10, 2017~ P ~[7]
Atelier Lydie & Suelle: Alchemists of the Mysterious Painting~RPG~Gust~Koei Tecmo~No~Dec 21, 2017~Mar 30, 2018~Mar 27, 2018~
Atelier Sophie: The Alchemist of the Mysterious Book~RPG~Gust Co. Ltd.~Tecmo Koei~Console~Nov 19, 2015~Jun 10, 2016~Jun 7, 2016~	[31]
Attack on Titan~Action~Omega Force~Koei Tecmo~No~Feb 18, 2016~Aug 26, 2016~Aug 30, 2016~	[41]
Attack on Titan 2~Action~Omega Force~Koei Tecmo~No~Mar 15, 2018~Mar 20, 2018~Mar 20, 2018~	[42]
Attractio~First-person, puzzle~GameCoder / Renderfarm~Bandai Namco Ent.~Console~Unreleased~Feb 17, 2016~Jan 19, 2016~
ATV Drift & Tricks~Racing~GameCoder / Renderfarm~Funbox Media~Console~Unreleased~Oct 26, 2017~Oct 26, 2017~
Aven Colony~Simulation~Mothership Ent.~Team17~No~Jul 25, 2017~Jul 25, 2017~Jul 25, 2017~
Away: Journey to the Unexpected~Roguelike~Playdius Ent.~Playdius Ent.~No~TBA~TBA~TBA~
A Way Out~Action-adventure~Hazelight Studios~Electronic Arts~No~Mar 23, 2018~Mar 23, 2018~Mar 23, 2018~
Awesomenauts Assemble~Battle arena~Abstraction Games~Ronimo Games~No~Unreleased~Mar 5, 2014~Mar 4, 2014~	[43]
Axiom Verge~Metroidvania~Thomas Happ Games~Thomas Happ Games~No~Mar 31, 2015~Mar 31, 2015~Mar 31, 2015~	[44]
Azkend 2~Puzzle~10tons~10tons~No~Unreleased~May 3, 2016~May 3, 2016~
Aztez~Turn-based strategy~Team Colorblind~Team Colorblind~No~TBA~TBA~TBA~
Backgammon Blitz~Board game~VooFoo Studios~VooFoo Studios~Console~Unreleased~Dec 18, 2013~Apr 15, 2014~ PS3  Vita ~[45]
Back to Bed~Puzzle~Loot Ent~Loot Ent~No~Feb 9, 2017~Aug 25, 2015~Aug 25, 2015~
Back to the Future: The Game – 30th Anniversary Edition~Adventure~Telltale Games~Telltale Games~No~Oct 13, 2015~Oct 13, 2015~Oct 13, 2015~	[46]
Badass Hero~Action, platform~Awesome Games~Awesome Games~No~2017~2017~2017~
Badland: Game of the Year Edition~Platform~Frogmind~Frogmind~No~Unreleased~May 28, 2015~May 26, 2015~
The Banner Saga~Tactical RPG~Versus Evil~Versus Evil~No~Jan 12, 2016~Jan 12, 2016~Jan 12, 2016~
The Banner Saga 2~Tactical RPG~Versus Evil~Versus Evil~No~Jul 5, 2016~Jul 5, 2016~Jul 5, 2016~	[47]
Baja: Edge of Control HD~Racing~2XL Games~THQ Nordic~No~Unreleased~Sep 14, 2017~Sep 14, 2017~
Bastion~RPG~Supergiant Games~Warner. Bros. Int. Ent.~No~Apr 7, 2015~Apr 7, 2015~Apr 7, 2015~
Basement Crawl~Action, strategy~Bloober Team~Bloober Team~Yes~Unreleased~Feb 26, 2014~Feb 25, 2014~	[43]
Batman: Arkham Knight~Action-adventure~Rocksteady Studios~Warner Bros Int Ent~No~Jul 2, 2015~Jun 23, 2015~Jun 23, 2015~	[29]
Batman: Return to Arkham~Action-adventure~Rocksteady Studios~Warner Bros. Int. Ent.~No~Feb 23, 2017~Oct 18, 2016~Oct 18, 2016~ P ~
Batman: The Telltale Series~Graphic adventure~Telltale Games~Telltale Games~No~Aug 2, 2016~Aug 2, 2016~Aug 2, 2016~	[11]
Batman: The Enemy Within~Graphic adventure~Telltale Games~Telltale Games~No~Aug 8, 2017~Aug 8, 2017~Aug 8, 2017~
Battalion 1944~First-person shooter~Bulkhead Int.~Square Enix~No~2018~2018~2018~
Battle Chasers: Nightwar~RPG~Airship Syndicate~Nordic Games~No~Oct 3, 2017~Oct 3, 2017~Oct 3, 2017~
Battlefield 1~First-person shooter~EA DICE~Electronic Arts~No~Oct 21, 2016~Oct 21, 2016~Oct 21, 2016~ HDR  P ~
Battlefield 4~First-person shooter~EA DICE~Electronic Arts~No~Feb 22, 2014~Nov 29, 2013~Nov 15, 2013~	[30]
Battlefield Hardline~First-person shooter~Visceral Games~Electronic Arts~No~Mar 19, 2015~Mar 19, 2015~Mar 17, 2015~
Battle Garegga Rev.2016~Shoot 'em up~M2~M2~No~Dec 12, 2016~Unreleased~Oct 6, 2016~
Battle of the Bulge~Strategy~Slitherine Software~Slitherine Software~No~TBA~TBA~TBA~
Battleship~Strategy~Frima Studio~Ubisoft~No~Unreleased~Aug 12, 2016~Aug 16, 2016~
Battlestar Galactica: Deadlock~Strategy~Slitherine Games~Black Lab Games~No~Unreleased~Dec 8, 2017~Dec 8, 2017~
Battle Worlds: Kronos~Turn-based strategy~King Art Games~Nordic Games~No~Unreleased~Apr 26, 2016~Apr 26, 2016~
Bears Can't Drift!?~Racing~Strangely Named~Strangely Named~Console~Unreleased~Aug 9, 2016~Aug 30, 2016~	[41]
Beat the Game~Adventure~Worm Animation~Worm Animation~No~TBA~TBA~TBA~
Bedlam~First-person shooter~RedBedlam~RedBedlam~No~Unreleased~Oct 14, 2015~Oct 13, 2015~	[46]
Ben 10~Action-adventure~Outright Games~Bandai Namco Ent.~No~Nov 10, 2017~Nov 10, 2017~Nov 10, 2017~
Berserk and the Band of the Hawk~Action RPG, hack and slash~Omega Force~Koei Tecmo~Console~Oct 27, 2016~Feb 24, 2017~Feb 21, 2017~ P ~[8]
Beyond Eyes~Adventure~Tiger and Squid~Team 17~No~Sep 8, 2015~Sep 8, 2015~Sep 8, 2015~	[48]
Beyond: Two Souls~Interactive drama~Quantic Dream~Sony Computer Ent.~Sony~Jun 1, 2016~Nov 26, 2015~Nov 24, 2015~
Binaries~Platform, puzzle~Ant Workshop~Ground Shatter~No~Unreleased~Aug 30, 2016~Aug 30, 2016~	[41]
Biomutant~Action RPG~Experiment 101~THQ Nordic~No~Unreleased~2018~2018~
The Binding of Isaac: Rebirth~Action-adv, roguelike~Nicalis~Nicalis~No~Oct 28, 2015~Nov 5, 2014~Nov 4, 2014~
BioShock: The Collection~First-person shooter~Blind Squirrel Games~2K Games~No~Sep 16, 2016~Sep 16, 2016~Sep 13, 2016~	[49]
Birthdays the Beginning~Strategy~Toybox Games~NIS America~Console~Jan 19, 2017~May 12, 2017~May 9, 2017~ P ~
The Bit.Trip~Action~Choice Provisions~Choice Provisions~No~Dec 5, 2015~Dec 5, 2015~Dec 5, 2015~
Black & White Bushido~Brawler, stealth~Endemol~Endemol~No~Unreleased~May 17, 2017~May 17, 2017~	[22]
Black The Fall~Adventure, platform~Sand Sailor Studio~	No~Jul 11, 2017~Jul 11, 2017~Jul 11, 2017~
Blade Strangers~Fighting~Nicalis~Nicalis~No~Unreleased~Q4 2017~Q4 2017~
Blackguards: Definitive Edition~Turn-based tactics~Daedalic Ent.~Kalypso Media~No~TBA~TBA~TBA~
Black Desert Online~MMORPG~Pearl Abyss~Pearl Abyss~No~2018~2018~2018~
Blackguards 2~Turn-based tactics~Daedalic Ent.~Kalypso Media~No~Sep 12, 2017~Sep 12, 2017~Sep 12, 2017~
Blackhole~Platform, puzzle~FiolaSoft Studio~FiolaSoft Studio~No~Unreleased~Unreleased~Aug 8, 2017~
Blackwood Crossing~Adventure~PaperSeven~PaperSeven~No~Unreleased~Apr 4, 2017~Apr 4, 2017~	[50]
Blade Arcus from Shining EX~Fighting~Sega~Sega~Console~Nov 26, 2015~Unreleased~Unreleased~	[23]
Blade Ballet~Action, battle~DreamSail Games~DreamSail Games~Console~Unreleased~Unreleased~Aug 9, 2016~	[51]
Bladestorm: Nightmare~Real-time tactics~Koei Tecmo~Koei Tecmo~No~Jan 29, 2015~Mar 20, 2015~Mar 17, 2015~
Blast 'Em Bunnies~Shooter~Nnooo~Nnooo~No~Mar 9, 2016~Mar 9, 2016~Mar 8, 2016~
Blast Brawl 2~Fighting, platform~Mind's Eye Games~Mind's Eye Games~No~TBA~TBA~TBA~
Blasting Agent Ultimate Edition~Platform, shooter~Ratalaika Games~Ratalaika Games~No~TBA~TBA~TBA~
BlazBlue: Central Fiction~Fighting~Arc System Works~Aksys Games~Console~Oct 6, 2016~Nov 4, 2016~Nov 1, 2016~ P ~[52]
BlazBlue Chrono Phantasma Extend~Fighting~Arc System Works~Aksys Games~No~Apr 23, 2015~Oct 23, 2015~Jun 30, 2015~ PS3 ~
BlazBlue: Cross Tag Battle~Fighting~Arc System Works~Arc System Works~No~2018~2018~2018~
Blazerush~Vehicular combat~Targem Games~Targem Games~Console~Unreleased~Dec 15, 2015~Dec 16, 2015~
Bleed~Platform~Bootdisk Revolution~Digerati~No~Unreleased~Aug 23, 2017~Aug 22, 2017~
Bloodborne~Action RPG~From Software~Sony Computer Ent.~Yes~Mar 26, 2015~Mar 25, 2015~Mar 24, 2015~	[53]
Blood Bowl 2~Sport, turn-based strategy~Cyanide~Focus Home Int.~No~Sep 22, 2015~Sep 22, 2015~Sep 22, 2015~	[54]
Bloodstained: Ritual of the Night~Metroidvania~Inti Creates~Deep Silver~No~Q1 2018~Q1 2018~Q1 2018~
Bloons TD 5~Strategy, puzzle~Ninja Kiwi~Ninja Kiwi~No~Unreleased~May 9, 2017~May 9, 2017~
Blue Estate~First-person shooter~Hesaw~Focus Home Int.~No~Unreleased~Jun 24, 2014~Jun 24, 2014~	[43]
Blue Reflection~RPG~Gust Co. Ltd.~Koei Tecmo~Console~Mar 30, 2017~Sep 29, 2017~Sep 26, 2017~	[55]
Blue Rider~Shooter~Ravegan~Ravegan~No~Mar 10, 2017~Sep 9, 2016~Jul 26, 2016~
Blues and Bullets~Action-adventure~A Crowd of Monsters~A Crowd of Monsters~No~Apr 20, 2016~Apr 20, 2016~Apr 20, 2016~
Boiling Bolt~Shoot 'em up~Persistant Studios~Playdius Ent.~No~Dec 5, 2017~Dec 5, 2017~Dec 5, 2017~
Bokosuka Wars II~Strategy~Pygmy Studio~Pygmy Studio~No~Nov 10, 2016~Unreleased~Oct 17, 2017~
The Book of Unwritten Tales 2~Adventure~King Art Games~505 Games~No~Sep 18, 2015~Sep 18, 2015~Sep 18, 2015~
Borderlands: The Handsome Collection~First-person shooter~Gearbox Software~2K Games~No~May 14, 2015~Mar 27, 2015~Mar 24, 2015~
Bound~3D platform, art~Plastic~Sony Interactive Ent.~Yes~Aug 16, 2016~Aug 16, 2016~Aug 16, 2016~ 3D  P  VR ~
Bound by Flame~Action RPG~Spiders~Focus Home Int.~No~May 9, 2014~May 9, 2014~May 9, 2014~	[43]
Boundless~Sandbox~Wonderstruck~Wonderstruck~Console~2017~2017~2017~ PC ~[56]
Brawl~Action, party~Bloober Team~Bloober Team~Console~Unreleased~Apr 28, 2015~Apr 24, 2015~	[24]
Brawlout~Fighting~Angry Mob Games~Angry Mob Games~No~2017~2017~2017~
The Bridge~Puzzle~TQAG~TQAG~No~Aug 18, 2015~Aug 18, 2015~Aug 18, 2015~	[13]
Bridge Constructor~Simulation~Clockstone~Headup Games~No~Jun 16, 2017~Dec 14, 2016~Dec 13, 2016~
Broforce~Platform, run-and-gun~Free Lives~Devolver Digital~Console~Mar 2, 2016~Mar 1, 2016~Mar 1, 2016~	[24]
Broken Age: The Complete Adventure~Point-and-click adventure~Double Fine Prod.~Double Fine Prod.~No~Unreleased~Apr 29, 2015~Apr 28, 2015~
Broken Sword 5~Point-and-click adventure~Revolution Software~Revolution Software~No~Sep 4, 2015~Sep 4, 2015~Sep 4, 2015~	[48]
Brothers: A Tale of Two Sons~Puzzle, adventure~Starbreeze Studios~505 Games~No~Aug 12, 2015~Aug 12, 2015~Aug 12, 2015~	[57]
Brutal~Action RPG~Stormcloud Games~Stormcloud Games~Console~Oct 20, 2016~Aug 9, 2016~Aug 9, 2016~	[51]
The Bug Butcher~Action~Awfully Nice Studios~Triangle Studios~No~Unreleased~Oct 18, 2016~Oct 18, 2016~
BugsBox~Action, puzzle~Park ESM~Park ESM~Yes~May 16, 2017~Jun 5, 2017~TBA~	[58]
Buildanauts~Simulation~TouchTilt Games~TouchTilt Games~No~2017~2017~2017~
Bulletstorm: Full Clip Edition~First-person shooter~People Can Fly~Gearbox Software~No~Apr 7, 2017~Apr 7, 2017~Apr 7, 2017~ P ~[50]
Bubsy: The Woolies Strike Back~Platform~Black Forest Games~Accolade~Console~Oct 31, 2017~Oct 31, 2017~Oct 31, 2017~
Butcher~Shooter~Transhuman Design~Crunching Koalas~No~Unreleased~May 9, 2017~May 9, 2017~
Caladrius Blaze~Shoot 'em up~MOSS~H2 Interactive~No~Aug 9, 2016~Aug 9, 2016~Aug 9, 2016~	[51]
Call of Cthulhu~Adventure, horror~Frogwares~Focus Home Int.~No~2018~2018~2018~
Call of Duty: Advanced Warfare~First-person shooter~Sledgehammer Games~Activision~No~Nov 13, 2014~Nov 4, 2014~Nov 4, 2014~
Call of Duty: Black Ops III~First-person shooter~Treyarch~Activision~No~Nov 6, 2015~Nov 6, 2015~Nov 6, 2015~ P ~[21]
Call of Duty: Ghosts~First-person shooter~Infinity Ward~Activision~No~Feb 22, 2014~Nov 29, 2013~Nov 15, 2013~	[30]
Call of Duty: Infinite Warfare~First-person shooter~Infinity Ward~Activision~No~Nov 4, 2016~Nov 4, 2016~Nov 4, 2016~ P ~
Call of Duty: Modern Warfare Remastered~First-person shooter~Raven Software~Activision~No~Nov 4, 2016~Nov 4, 2016~Nov 4, 2016~ P ~
Call of Duty: WWII~First-person shooter~Sledgehammer Games~Activision~No~Nov 3, 2017~Nov 3, 2017~Nov 3, 2017~ P ~
Calvino Noir~Adventure~Calvino Noir~Calvino Noir~Console~Unreleased~Aug 25, 2015~Aug 25, 2015~
Candlelight~Platform~Pixel Maverick~Pixel Maverick~Console~Unreleased~Unreleased~Mar 15, 2016~	[15]
Cannon Brawl~2D, action, strategy~Turtle Sandbox / BlitWorks~Turtle Sandbox~No~Unreleased~Aug 2, 2016~Aug 2, 2016~	[11]
Capsule Force~Action~Klobit~Iron Galaxy Studios~No~Unreleased~Jul 23, 2015~Jul 23, 2015~	[29]
Carmageddon: Max Damage~Vehicular combat~Stainless Games~Stainless Games~No~Jul 8, 2016~Jul 8, 2016~Jul 8, 2016~	[47]
Cars 3: Driven to Win~Racing~Avalanche Software~Warner Bros.~No~Jul 20, 2017~Jul 14, 2017~Jul 13, 2017~
Car Mechanic Simulator 2018~Simulation~Red Dot Games~PlayWay S.A.~No~TBA~TBA~TBA~
Cartoon Network: Battle Crashers~Beat em up~Magic Pockets~GameMill Ent.~No~Nov 8, 2016~Nov 8, 2016~Nov 8, 2016~	[59]
Casey Powell Lacrosse 16~Sport~Crosse Studios~Big Ant Studios~No~Mar 9, 2016~Mar 9, 2016~Mar 9, 2016~
The Castle Game~Tower defense~Neptune Inc~Neptune Inc~Yes~Aug 5, 2015~Aug 5, 2015~Aug 5, 2015~	[16]
Castles~Puzzle~WhootGames~BadLand Indie~No~Unreleased~Jun 29, 2016~Jun 28, 2016~
CastleStorm: Definitive Edition~Strategy~Zen Studios~Zen Studios~No~Mar 11, 2015~Oct 15, 2014~Sep 23, 2014~ 3D ~[60]
Catlateral Damage~Simulation~Manekoware~Fire Hose Games~No~Oct 13, 2016~Jun 13, 2016~Mar 22, 2016~	[4]
Cat Quest~RPG~The Gentlebros~PQube~No~Nov 27, 2017~Nov 10, 2017~Nov 14, 2017~
Cel Damage HD~Racing~Finish Line Games~Finish Line Games~No~Unreleased~May 14, 2014~Apr 22, 2014~
Celeste~Platform~Matt Thorson~Matt Makes Games~No~2018~2018~2018~	[61]
Celestial Sword~	YiLong Network Tech~YiLong Network Tech~No~Released exclusively in China (2017)~	[17]
Chambara~Action~Team OK~USC Games~Timed~Unreleased~Unreleased~Jul 26, 2016~
Chaos;Child~Visual novel~Nitroplus~5pb.~No~Jun 25, 2015~Oct 13, 2017~Oct 24, 2017~
Chaos Code: New Sign of Catastrophe~Fighting~FK Digital~Arc System Works~Console~Mar 15, 2017~Mar 15, 2017~Mar 15, 2017~
Chaos on Deponia~Point-and-click adventure~Daedalic Ent.~Daedalic Ent.~No~Dec 6, 2017~Dec 6, 2017~Dec 6, 2017~
Chariot~Adventure, platform~Frima Studio~Frima Studio~No~Mar 25, 2015~Oct 29, 2014~Sep 30, 2014~	[62]
Chasm~RPG, platform~Discord Games~Discord Games~Console~TBA~TBA~TBA~	[24]
Check-in, Knock-out~Fighting, platform~Lionade Games~tinyBuild~Console~2017~2017~2017~
Chess Ultra~Chess~VooFoo Studios~Ripstone Ltd~No~Unreleased~Jun 21, 2017~Jun 20, 2017~ HDR  P ~
Child of Light~RPG~Ubisoft Montreal~Ubisoft~No~May 1, 2014~Apr 30, 2014~Apr 29, 2014~	[43]
Children of Morta~Hack and slash~Dead Mage~Dead Mage~No~TBA~TBA~TBA~
Children of Zodiarcs~Tactical RPG~Cardboard Utopia~Square Enix~Console~Unreleased~Jul 18, 2017~Jul 18, 2017~
Chime Sharp~Music, puzzle~Zoë Mode~Chilled Mouse~No~Feb 21, 2017~Feb 21, 2017~Feb 21, 2017~
Chivalry: Medieval Warfare~Action~Torn Banner Studios~Activision~No~Dec 1, 2015~Dec 1, 2015~Dec 1, 2015~
ChromaGun~First-Person shooter, puzzle~Pixel Maniacs~Pixel Maniacs~No~Unreleased~Aug 22, 2017~Aug 22, 2017~ VR ~
Chroma Squad~Turn-based~Behold Studios~Bandai Namco Ent.~No~May 19, 2017~May 19, 2017~May 19, 2017~	[22]
Chronicles of Teddy: Harmony of Exidus~Adventure~LookAtMyGame~Aksys Games~No~Dec 14, 2016~Mar 29, 2016~Mar 29, 2016~	[63]
The Church in the Darkness~Action~Paranoid Prod.~Paranoid Prod.~No~2017~2017~2017~
Cities: Skylines~Simulation~Tantalus Media~Paradox Int.~No~Aug 15, 2017~Aug 15, 2017~Aug 15, 2017~ P ~[2]
Citizens of Earth~RPG~Atlus~Eden Industries~No~Oct 26, 2016~Jan 21, 2015~Jan 20, 2015~	[60]
City Shrouded in Shadow~Action~Granzella~Bandai Namco Ent.~Yes~Oct 19, 2017~Unreleased~Unreleased~
Claire: Extended Cut~Adventure~Hailstorm Games~Hailstorm Games~No~Unreleased~Aug 30, 2016~Aug 30, 2016~	[41]
Claybook~Puzzle~Second Order~Second Order~No~2017~2017~2017~
Clockwork Tales: Of Glass and Ink~Hidden object~Artifex Mundi~Artifex Mundi~No~Unreleased~Nov 29, 2016~Nov 29, 2016~	[33]
Clustertruck~Platform~Landfall Games~tinyBuild~No~Sep 27, 2016~Sep 27, 2016~Sep 27, 2016~
Code: 12~	Wansiwei~Wansiwei~Yes~Released exclusively in China (2017)~	[17]
Code: Hardcore~2D, mecha~RocketPunch~RocketPunch~Console~Released in China (TBA)~	[64]
Code Vein~Action~Bandai Namco Ent.~Bandai Namco Ent.~No~2018~2018~2018~
Coffin Dodgers~Racing~Milky Tea Studios~Wales Interactive~No~Unreleased~May 3, 2016~May 3, 2016~
Collectems~RPG~The Layabouts~The Layabouts~Console~TBA~TBA~TBA~
Combo Steel~	Xindong Network~Xindong Network~Yes~Released exclusively in China (2017)~	[17]
Comet Crash 2~Real-time strategy~Pelfast~Pelfast~Yes~Aug 10, 2017~Aug 8, 2017~Aug 8, 2017~
Commander Cherry's Puzzled Journey~Platform~Grande Games~Grande Games~No~Unreleased~Aug 11, 2015~Aug 11, 2015~ C ~[57]
Conan Exiles~Open world, survival~Funcom~Koch Media~No~2018~2018~2018~
Concrete Genie~Adventure~PixelOpus~Sony Interactive Ent.~Yes~2018~2018~2018~	[65]
Conga Master~Action~Undercoders~Rising Star Games~No~Unreleased~Jul 21, 2017~Jul 21, 2017~
Constructor HD~Simulation~System 3~System 3~No~Unreleased~Jul 25, 2017~TBA~
Contrast~Platform, puzzle~Compulsion Games~Compulsion Games~No~Feb 22, 2014~Nov 29, 2013~Nov 15, 2013~	[30]
Cook, Serve, Delicious! 2!!~Simulation~Vertigo Gaming~Vertigo Gaming~Console~TBA~TBA~TBA~	[23]
Cosmic Star Heroine~RPG~Zeboyd Games~Zeboyd Games~Timed~Unreleased~Apr 11, 2017~Apr 11, 2017~	[29]
Cosmochoria~Adventure~30/30~Curve Digital~No~TBA~TBA~TBA~
Costume Quest 2~Adventure, RPG~Double Fine Prod.~Double Fine Prod.~No~Oct 31, 2014~Oct 31, 2014~Oct 31, 2014~	[1]
The Count Lucanor~Action-adventure~Baroque Decay~Merge Games~No~2017~2017~2017~
CounterSpy~Side-scroller, stealth~Dynamighty~Dynamighty~Console~Aug 21, 2014~Aug 20, 2014~Aug 19, 2014~	[60]
Crash Bandicoot N. Sane Trilogy~Platform~Vicarious Visions~Activision~Yes~Aug 3, 2017~Jun 30, 2017~Jun 30, 2017~ P ~[66]
Crawl~Roguelike, brawler~Powerhoof~Powerhoof~No~Apr 11, 2017~Apr 11, 2017~Apr 11, 2017~
Crazy Strike Bowling EX~Sport~Corecell Tech~Corecell Tech~No~Unreleased~Jun 14, 2016~May 25, 2016~ M ~[67]
The Crew~Racing~Ivory Tower~Ubisoft~No~Dec 4, 2014~Dec 2, 2014~Dec 2, 2014~
The Crew 2~Racing~Ivory Tower~Ubisoft~No~Mar 13, 2018~Mar 13, 2018~Mar 13, 2018~
Crossing Souls~Action-adventure~Fourattic~Devolver Digital~Console~2018~2018~2018~
Crows: Burning Edge~Action-adventure~Bandai Namco Ent.~Bandai Namco Ent.~Yes~Oct 27, 2016~Unreleased~Unreleased~	[23]
Cyberpunk 2077~Action RPG~CD Projekt RED~CD Projekt RED~No~TBA~TBA~TBA~	[68]
Cryptark~Shoot 'em up~Alientrap~Alientrap~Console~Unreleased~Jun 20, 2017~Jun 20, 2017~	[66]
Crypt of the NecroDancer~Roguelike, rhythm~Brace Yourself Games~Brace Yourself Games~No~Jan 18, 2016~Feb 2, 2016~Feb 2, 2016~	[20]
Cube Life: Island Survival HD~Sandbox~Cypronia~Cypronia~No~2017~2017~2017~	[69]
Curses 'N Chaos~Action~Tribute Games~Tribute Games~Console~Aug 18, 2015~Aug 18, 2015~Aug 18, 2015~ Vita ~[13]
Daisenryaku: Dai Toua Kouboushi 3~War simulation~SystemSoft Alpha~SystemSoft Alpha~Console~Dec 17, 2015~Unreleased~Unreleased~
Danganronpa 1&2 Reload~Adventure, visual novel~Spike Chunsoft~NIS America~Sony~May 18, 2017~Mar 17, 2017~Mar 14, 2017~
Danganronpa V3: Killing Harmony~Adventure, visual novel~Spike Chunsoft~NIS America~Console~Jan 12, 2017~Sep 29, 2017~Sep 26, 2017~	[55]
Dangerous Golf~Sport~Three Fields Ent.~Three Fields Ent.~No~Jun 2, 2016~Jun 2, 2016~Jun 2, 2016~	[37]
Danger Zone~Racing~Three Fields Ent.~Three Fields Ent.~No~May 30, 2017~May 30, 2017~May 30, 2017~ P ~
Dangun Feveron~Shoot 'em up~Cave / M2~Cave~Timed~Apr 28, 2017~Unreleased~Unreleased~
Dariusburst Chronicle Saviours~Shoot 'em up~Pyramid~Degica~Console~Jan 15, 2016~Dec 8, 2015~Dec 2, 2015~
Dark Rose Valkyrie~RPG~Compile Heart~Idea Factory~Yes~Jul 21, 2016~Jun 9, 2017~Jun 6, 2017~	[70]
Dark Souls II~Action RPG~From Software~Bandai Namco Ent.~No~Apr 9, 2015~Apr 9, 2015~Apr 7, 2015~
Dark Souls III~Action RPG~From Software~Bandai Namco Ent.~No~Mar 24, 2016~Apr 12, 2016~Apr 12, 2016~	[36]
Darkest Dungeon~Turn-based strategy~Red Hook Studios~Red Hook Studios~Timed~Sep 27, 2016~Sep 27, 2016~Sep 27, 2016~
Darksiders: Warmastered Edition~Action RPG~Nordic Games~Nordic Games~No~Nov 22, 2016~Nov 22, 2016~Nov 22, 2016~ P ~[27]
Darksiders II: Death-initive Edition~Action RPG, hack and slash~Gunfire Games~Nordic Games~No~Oct 27, 2015~Oct 27, 2015~Oct 27, 2015~	[71]
Darksiders III~Action RPG, hack and slash~Gunfire Games~Nordic Games~No~2018~2018~2018~
Daylight~Survival horror~Zombie Studios~Atlus~Console~Aug 28, 2014~Apr 30, 2014~Apr 30, 2014~ 3D ~[43]
Daymare: 1998~Survival horror~Invader Studios~Invader Studios~No~TBA~TBA~TBA~
Day of the Tentacle: Remastered Edition~Graphic adventure~Double Fine Prod.~Double Fine Prod.~Console~Mar 22, 2016~Mar 22, 2016~Mar 22, 2016~	[4]
Days Gone~Open world, survival~SIE Bend Studio~Sony Interactive Ent.~Yes~TBA~TBA~TBA~ P ~
DayZ~Survival horror~Bohemia Int.~Bohemia Int.~No~TBA~TBA~TBA~
Dead Alliance~First-person shooter~PsyopGames~Maximum Games~No~Unreleased~Aug 29, 2017~Aug 29, 2017~	[10]
Dead by Daylight~Survival Horror~Behaviour Int.~Starbreeze Studios~No~Jun 23, 2017~Jun 23, 2017~Jun 23, 2017~
Dead Island Definitive Edition~Survival horror~Techland~Deep Silver~No~May 31, 2016~May 31, 2016~May 31, 2016~
Dead Island: Riptide Definitive Edition~Survival horror~Techland~Deep Silver~No~May 31, 2016~May 31, 2016~May 31, 2016~
Dead Island 2~Action RPG, survival horror~Yager Development~Deep Silver~No~TBA~TBA~TBA~
Dead Nation: Apocalypse Edition~Shoot 'em up~Housemarque~Sony Computer Ent.~Sony~May 29, 2014~Mar 5, 2014~Mar 4, 2014~	[43]
Dead or Alive 5 Last Round~Fighting~Koei Tecmo~Koei Tecmo~No~Feb 19, 2015~Feb 20, 2015~Feb 17, 2015~
Dead or Alive Xtreme 3~Sport~Team Ninja~Koei Tecmo~Sony~Mar 24, 2016~Unreleased~Unreleased~ VR ~
Deadlight: Director's Cut~Survival horror~Tequila Works~Deep Silver~No~Jun 21, 2016~Jun 21, 2016~Jun 21, 2016~	[38]
The Deadly Tower of Monsters~Action-adventure~ACE Team~Atlus~Console~Jan 19, 2016~Jan 19, 2016~Jan 19, 2016~
Deadpool~Action, beat 'em up~High Moon Studios~Activision~No~Unreleased~Nov 20, 2016~Nov 18, 2015~
Dead Rising~Survival horror~Capcom~Capcom~No~Aug 17, 2016~Sep 13, 2016~Sep 13, 2016~
Dead Rising 2~Survival horror~Capcom~Capcom~No~Sep 13, 2016~Sep 13, 2016~Sep 13, 2016~
Dead Rising 2: Off the Record~Survival horror~Capcom~Capcom~No~Sep 13, 2016~Sep 13, 2016~Sep 13, 2016~
Dead Rising 4~Survival horror~Capcom Vancouver~Capcom~No~TBA~Dec 5, 2017~Dec 5, 2017~
Dead Star~Shoot 'em up~Armature Studio~Armature Studio~Console~Aug 3, 2016~Apr 5, 2016~Apr 5, 2016~ PC ~[72]
Dead Synchronicity: Tomorrow Comes Today~Point-and-click adventure~Fictiorama Studios~Daedalic Ent.~Console~Apr 10, 2015~Apr 10, 2015~Apr 10, 2015~
Dear Esther~Exploration~The Chinese Room~Curve Digital~No~Sep 20, 2016~Sep 20, 2016~Sep 20, 2016~	[73]
Death Stranding~Action~Kojima Productions~Sony Computer Int.~Yes~TBA~TBA~TBA~
Death Squared~Puzzle~SMG Studios~SMG Studios~No~Unreleased~Mar 14, 2017~Mar 14, 2017~
Death's Gambit~Action RPG~White Rabbit~Adult Swim Games~Console~TBA~TBA~TBA~	[74]
De Blob~Platform, puzzle~BlitWorks~THQ Nordic~No~Nov 14, 2017~Nov 14, 2017~Nov 14, 2017~
Deception IV: The Nightmare Princess~Action, strategy RPG~Tecmo Koei~Tecmo Koei~Sony~Mar 26, 2015~Jul 17, 2015~Jul 14, 2015~
Defenders of Ekron~Shoot 'em up~In Vitro Games~In Vitro Games~Console~Mar 17, 2017~Aug 15, 2017~Aug 15, 2017~
Defense Grid 2~Tower defense~Hidden Path Ent.~505 Games~No~Unreleased~Oct 1, 2014~Sep 23, 2014~	[60]
Deformers~MOBA~Ready at Dawn~Ready at Dawn~No~Feb 14, 2017~Feb 14, 2017~Feb 14, 2017~ PC ~
Demetrios - The BIG Cynical Adventure~Point-and-click adventure~COWCAT~COWCAT~No~May 31, 2016~May 31, 2016~May 31, 2016~
Demon's Age~RPG~Big Moon Studios~Big Moon Studios~No~TBA~TBA~TBA~
Dengeki Bunko: Fighting Climax Ignition~Fighting~Ecole Software~Sega~Sony~Dec 17, 2015~Unreleased~Unreleased~
Deponia~Point-and-click adventure~Daedalic Ent.~Daedalic Ent.~Console~Unreleased~Dec 1, 2016~Nov 15, 2016~
Descenders~Sport~RageSquid~No More Robots~No~2018~2018~2018~
Destiny~Action RPG, first-person shooter~Bungie~Activision~No~Sep 11, 2014~Sep 9, 2014~Sep 9, 2014~	[73]
Destiny 2~Action RPG, first-person shooter~Bungie~Activision~No~Sep 6, 2017~Sep 6, 2017~Sep 6, 2017~ HDR  P ~
Detroit: Become Human~Interactive drama~Quantic Dream~Sony Computer Ent.~Yes~Q2 2018~Q2 2018~Q2 2018~ HDR  P ~
Deus Ex: Mankind Divided~First-person shooter, stealth~Eidos Montréal~Square Enix~No~Mar 23, 2017~Aug 23, 2016~Aug 23, 2016~ HDR  P ~[75]
Devil May Cry 4: Special Edition~Action, hack and slash~Capcom~Capcom~No~Jun 18, 2015~Jun 24, 2015~Jun 23, 2015~	[9]
Dex~Acton RPG~Dreadlocks Ltd~BadLand Indie~No~Jul 8, 2016~Jul 8, 2016~Jul 8, 2016~	[12]
Diablo III~Action RPG, hack and slash~Blizzard Ent.~Blizzard Ent.~No~Aug 21, 2014~Aug 19, 2014~Aug 19, 2014~ P ~[66]
Diao Bao~	Xindong Network~Xindong Network~Yes~Released exclusively in China (Sep 2015)~	[17]
Digimon Story: Cyber Sleuth~RPG~Media.Vision~Bandai Namco Ent.~Sony~Mar 21, 2015~Feb 5, 2016~Feb 2, 2016~	[20]
Digimon Story: Cyber Sleuth - Hacker's Memory~RPG~Bandai Namco Ent.~Bandai Namco Ent.~Sony~Aug 9, 2017~Jan 19, 2018~Jan 19, 2018~
Digimon World: Next Order~RPG~B.B. Studio~Bandai Namco Ent.~Sony~Feb 16, 2017~Jan 27, 2017~Jan 31, 2017~
Dirt 4~Racing~Codemasters~Codemasters~No~Jun 9, 2017~Jun 9, 2017~Jun 9, 2017~ P ~[70]
Dirt Rally~Racing~Codemasters~Codemasters~No~Apr 5, 2016~Apr 5, 2016~Apr 5, 2016~ VR ~
Disc Jam~Action, sport~High Horse Ent.~High Horse Ent.~Console~Unreleased~Mar 7, 2017~Mar 7, 2017~ PC ~
Disgaea 5~Tactical RPG~Nippon Ichi Software~Nippon Ichi Software~No~Mar 26, 2015~Oct 16, 2015~Oct 6, 2015~	[23]
Dishonored: Definitive Edition~Action~Arkane Studios~Bethesda Softworks~No~Aug 27, 2015~Aug 28, 2015~Aug 25, 2015~	[36]
Dishonored 2~Action~Arkane Studios~Bethesda Softworks~No~Nov 11, 2016~Nov 11, 2016~Nov 11, 2016~ P ~[59]
Dishonored: Death of the Outsider~Action~Arkane Studios~Bethesda Softworks~No~Sep 15, 2017~Sep 15, 2017~Sep 15, 2017~
The Disney Afternoon Collection~Platform~Digital Eclipse~Capcom~No~Apr 18, 2017~Apr 18, 2017~Apr 18, 2017~
Disney Infinity: Marvel Super Heroes~Action-adventure~Avalanche Software~Disney Int. Studios~No~Unreleased~Sep 18, 2014~Sep 23, 2014~	[60]
Disney Infinity 3.0~Action-adventure~Avalanche Software~Disney Int. Studios~No~Unreleased~Aug 28, 2015~Aug 28, 2015~
Dissidia Final Fantasy NT~Fighting~Team Ninja~Square Enix~Yes~Jan 11, 2018~Jan 30, 2018~Jan 30, 2018~	[76]
Distance~Racing~Refract Studios~Refract Studios~Console~2017~2017~2017~ VR ~
Divekick~Fighting~Iron Galaxy Studios~Iron Galaxy Studios~No~Oct 7, 2014~Oct 7, 2014~Oct 7, 2014~ PS3  Vita ~[25]
Divide~Action-adventure~Exploding Tuba Studios~Exploding Tuba Studios~Console~Jan 31, 2017~Jan 31, 2017~Jan 31, 2017~
Divinity: Original Sin~RPG~Larian Studios~Focus Home Int.~No~Apr 14, 2016~Oct 27, 2015~Oct 27, 2015~	[71]
Divinity: Original Sin II~RPG~Larian Studios~Larian Studios~No~2017~2017~2017~
DJMax Respect~Rhythm~Rocky Studio~Neowiz Games~Yes~Nov 9, 2017~TBA~TBA~
DmC: Devil May Cry Definitive Edition~Action, hack and slash~Ninja Theory~Capcom~No~Mar 10, 2015~Mar 10, 2015~Mar 10, 2015~
Dogos~Shooter~Opqam~Opqam~No~Dec 16, 2016~Sep 6, 2016~Sep 6, 2016~
Doki-Doki Universe~Adventure~HumaNature Studios~HumaNature Studios~Sony~Feb 22, 2014~Dec 10, 2013~Dec 10, 2013~	[60]
Dollhouse~Horror~Creazn~Soedesco~Console~2018~2018~2018~
Doodle Devil~Puzzle~JoyBits~8Floor~Console~Unreleased~Mar 23, 2016~Aug 16, 2016~
Doodle God~Puzzle~JoyBits~4Hit~No~Unreleased~Jan 29, 2016~Jul 5, 2016~
Don Bradman Cricket~Sport~Big Ant Studios~Home Ent. Suppliers~No~Assorted~Assorted~Assorted~
Don Bradman Cricket 17~Sport~Big Ant Studios~Tru Blu Ent.~No~Dec 16, 2016~Dec 16, 2016~Dec 16, 2016~
Don't Die, Mr. Robot!~Action~Infinite State Games~Infinite State Games~Console~Unreleased~Mar 8, 2016~Mar 8, 2016~
Don't Starve~Action-adventure~Klei Ent.~Klei Ent.~No~Feb 22, 2014~Jan 8, 2014~Jan 7, 2014~	[43]
Don't Starve Together~Action-adventure~Klei Ent. / BlitWorks~Klei Ent.~No~TBA~Sep 13, 2017~Sep 13, 2017~
Doom~First-person shooter~Id Software~Bethesda Softworks~No~May 13, 2016~May 13, 2016~May 13, 2016~ VR ~[36]
Downwell~Platform, vertically scrolling shooter~Moppin~Devolver Digital~Console~May 24, 2016~May 24, 2016~May 24, 2016~	[67]
Dragon Age: Inquisition~RPG~BioWare~Electronic Arts~No~Nov 27, 2014~Nov 21, 2014~Nov 18, 2014~	[77]
Dragon Ball FighterZ~Fighting~Arc System Works~Bandai Namco Ent.~No~Feb 1, 2018~Jan 26, 2018~Jan 26, 2018~
Dragon Ball Xenoverse~Fighting~Dimps~Bandai Namco Ent.~No~Feb 5, 2015~Feb 13, 2015~Feb 24, 2015~	[78]
Dragon Ball Xenoverse 2~Fighting~Dimps~Bandai Namco Ent.~No~Nov 2, 2016~Oct 28, 2016~Oct 25, 2016~	[79]
Dragon Fantasy: The Black Tome of Ice~RPG~Muteki Corp.~Muteki Corp.~Console~Unreleased~Unreleased~Mar 22, 2016~	[4]
Dragon Fin Soup~RPG, roguelike~Grimm Bros~Grimm Bros~Console~Dec 2, 2015~Nov 3, 2015~Nov 3, 2015~	[21]
Dragon's Crown Pro~Action RPG, beat 'em up~Vanillaware~Atlus~Sony~Feb 8, 2018~TBA~TBA~ PS3  Vita  P ~
Dragon Quest Builders~RPG, sandbox~Square Enix~Square Enix~Timed~Jan 28, 2016~Oct 14, 2016~Oct 11, 2016~	[75]
Dragon Quest Builders 2~RPG~Square Enix~Square Enix~No~2018~TBA~TBA~
Dragon Quest Heroes~RPG~Koei Tecmo~Square Enix~No~Feb 26, 2015~Oct 16, 2015~Oct 13, 2015~	[46]
Dragon Quest Heroes II~RPG~Koei Tecmo~Square Enix~No~May 27, 2016~Apr 28, 2017~Apr 25, 2017~ PS3  Vita  P ~[80]
Dragon Quest X~MMORPG~Square Enix~Square Enix~No~Aug 17, 2017~Unreleased~Unreleased~	[75]
Dragon Quest XI~RPG~Square Enix~Square Enix~No~Jul 29, 2017~2018~2018~ P ~[75]
Dragon's Dogma: Dark Arisen~Action RPG~Capcom~Capcom~No~Oct 5, 2017~Oct 3, 2017~Oct 3, 2017~
Drawful 2~Party, trivia~Jackbox Games~Jackbox Games~No~Jun 21, 2016~Jun 21, 2016~Jun 21, 2016~	[38]
Drawn to Death~MOBA~Bartlet Jones~Sony Interactive Ent.~Yes~Apr 4, 2017~Apr 4, 2017~Apr 4, 2017~	[50]
Drifter~Sandbox~Celsius Game Studios~Celsius Game Studios~Console~2017~2017~2017~	[60]
Dreamfall Chapters: The Longest Journey~Adventure~Red Thread Games~Deep Silver~No~Mar 24, 2017~Mar 24, 2017~Mar 24, 2017~ P ~
Dreams~Sandbox~Media Molecule~Sony Computer Ent.~Yes~2018~2018~2018~ M ~[24]
Dreii~Puzzle~Etter Studio~bitforge~No~Unreleased~Mar 9, 2016~Mar 9, 2016~ Vita ~
Driveclub~Racing~Evolution Studios~Sony Computer Ent.~Yes~Oct 9, 2014~Oct 8, 2014~Oct 7, 2014~	[25]
Driveclub Bikes~Racing~Evolution Studios~Sony Computer Ent.~Yes~Oct 29, 2015~Oct 27, 2015~Oct 27, 2015~
Duck Game~Party, platform~Landon Podbielski~Adult Swim Games~No~Unreleased~Aug 22, 2017~Aug 22, 2017~
Duke Nukem 3D: 20th Anniversary World Tour~First-person shooter~Gearbox Software~Gearbox Software~No~Oct 11, 2016~Oct 11, 2016~Oct 11, 2016~
Dungeons 2~Strategy~Realmforge Studios~Kalypso Media~Console~Unreleased~May 27, 2016~May 24, 2016~	[67]
Dungeons 3~Strategy~Realmforge Studios~Kalypso Media~No~Oct 31, 2017~Oct 31, 2017~Oct 31, 2017~
Dust: An Elysian Tail~Action RPG~Humble Hearts~Humble Hearts~No~Nov 12, 2014~Oct 8, 2014~Oct 7, 2014~	[25]
Dustoff Heli Rescue 2~Action~Rainy Frog~Ratalaika Games~No~TBA~TBA~TBA~
The Dwarves~RPG~King Art Games~King Art Games~No~Dec 1, 2016~Dec 1, 2016~Dec 1, 2016~	[33]
Dying Light~Survival horror~Techland~Warner Bros Int Ent~No~Apr 16, 2015~Jan 30, 2015~Jan 27, 2015~	[60]
Dynasty Warriors 8: Empires~Hack and slash~Omega Force~Tecmo Koei~No~Nov 20, 2014~Jan 30, 2015~Jan 30, 2015~ PS3  Vita ~[78]
Dynasty Warriors 8: Xtreme Legends Complete Edition~Action RPG~Omega Force~Tecmo Koei~Console~Feb 22, 2014~Apr 4, 2014~Mar 25, 2014~	[60]
Dynasty Warriors 9~Hack and slash~Omega Force~Koei Tecmo~No~Feb 8, 2018~Feb 13, 2018~Feb 13, 2018~
Dynasty Warriors: Godseekers~Tactical RPG~Omega Force~Tecmo Koei~Sony~Aug 3, 2016~Feb 1, 2017~Jan 31, 2017~
EA Sports UFC~Fighting, sport~EA Canada~Electronic Arts~No~Nov 20, 2014~Jun 17, 2014~Jun 17, 2014~	[68]
EA Sports UFC 2~Fighting, sport~EA Canada~Electronic Arts~No~Aug 30, 2016~Mar 17, 2016~Mar 15, 2016~	[15]
Earth Defense Force 4.1~Third-person shooter~Sandlot~D3 Publisher~No~Apr 2, 2015~Feb 12, 2016~Dec 8, 2015~	[28]
Earth Defense Force 5~Action~D3 Publisher~D3 Publisher~Yes~Dec 7, 2017~TBA~TBA~
Earth Defense Force: Iron Rain~Action~Yuke's Media Creations~D3 Publisher~Yes~2018~TBA~TBA~
Earthfall~First-person shooter~Holospark Games~Holospark Games~No~TBA~TBA~TBA~
Earth Wars~Side-scroller~One or Eight~Rising Star Games~No~Sep 18, 2015~Oct 28, 2016~Nov 1, 2016~	[81]
Earthlock: Festival of Magic~RPG~Snowcastle Games~Snowcastle Games~No~Jan 27, 2017~Jan 27, 2017~Jan 27, 2017~	[82]
Echo~Action, stealth~Ultra Ultra~Ultra Ultra~Console~Oct 11, 2017~Oct 11, 2017~Oct 11, 2017~
Edge of Eternity~RPG~Midgar Studio~Midgar Studio~No~2017~2017~2017~
Eitr~Action RPG~Eneme Entertainment~Devolver Digital~Console~2017~2017~2017~
The Elder Scrolls Online~MMORPG~ZeniMax Online Studios~Bethesda Softworks~No~Jun 9, 2015~Jun 9, 2015~Jun 9, 2015~ HDR  P ~[70]
The Elder Scrolls V: Skyrim – Special Edition~Action RPG~Bethesda Game Studios~Bethesda Softworks~No~Oct 28, 2016~Oct 28, 2016~Oct 28, 2016~ P  VR ~[79]
Electronic Super Joy~Platform~Loot Int.~Michael Todd~No~Aug 23, 2016~Aug 23, 2016~Aug 23, 2016~	[38]
ELEX~Action RPG~Piranha Bytes~Nordic Games~No~Oct 17, 2017~Oct 17, 2017~Oct 17, 2017~
Elliot Quest~Platform-adventure, metroidvania~Ansimuz Games~Ansimuz Games~No~May 11, 2017~May 11, 2017~May 11, 2017~
Elite: Dangerous~Space trading and combat~Frontier Developments~Frontier Developments~No~Jun 27, 2017~Jun 27, 2017~Jun 27, 2017~ P ~[66]
Emily Wants to Play~Survival horror~Shawn Hitchcock~SKH Apps~No~Feb 9, 2017~Aug 9, 2016~Aug 9, 2016~	[51]
Energy Hook~Action-adventure~Happion Labs~Happion Labs~Timed~Unreleased~Jul 5, 2016~Jul 5, 2016~	[47]
Enigmatis: The Ghosts of Maple Creek~Hidden object~Artifex Mundi~Artifex Mundi~No~Unreleased~Jan 24, 2017~Jan 24, 2017~	[82]
Enter the Gungeon~Roguelike, shoot 'em up~Dodge Roll~Devolver Digital~No~Apr 20, 2016~Apr 5, 2016~Apr 5, 2016~	[24]
Entwined~Action-adventure~Pixelopus~Sony Computer Ent.~Sony~Jun 19, 2014~Jun 9, 2014~Jun 9, 2014~	[43]
Erica~Interactive drama~Flavourworks~Sony Interactive Ent.~Yes~TBA~TBA~TBA~ PL ~[83]
Escape Plan~Puzzle~Fun Bits Interactive~Sony Computer Ent.~Sony~Feb 22, 2014~Nov 29, 2013~Dec 3, 2013~	[60]
Escape Goat 2~Platform, puzzle~MagicalTimeBean~Double Fine Prod.~Console~Unreleased~Nov 26, 2014~Oct 21, 2014~	[84]
The Escapists~Puzzle, RPG~Mouldy Toof Studios~Team17~No~Unreleased~May 29, 2015~Jun 2, 2015~
The Escapists 2~Strategy RPG~Mouldy Toof Studios~Team17~No~2017~Aug 22, 2017~Aug 22, 2017~
Ether One~Adventure, puzzle~White Paper Games~White Paper Games~Console~May 5, 2015~May 5, 2015~May 5, 2015~	[24]
Euro Fishing~Simulation~Dovetail Games~Dovetail Games~No~Unreleased~Apr 11, 2017~Apr 11, 2017~
Eve: Valkyrie - Warzone~Space Shooter~CCP Games~CCP Games~Console~Sep 26, 2017~Sep 26, 2017~Sep 26, 2017~ PC  VR ~
Eventide: Slavic Fable~Hidden object~Artifex Mundi~Artifex Mundi~No~Unreleased~Apr 25, 2017~Apr 25, 2017~	[80]
Everybody's Golf~Sport~Clap Hanz~Sony Computer Ent.~Yes~Aug 31, 2017~Aug 30, 2017~Aug 29, 2017~ HDR  P ~[10]
Everybody's Gone to the Rapture~Adventure~The Chinese Room~Sony Computer Ent.~Console~Aug 11, 2015~Aug 11, 2015~Aug 11, 2015~	[57]
Everything~Adventure~David OReilly~Double Fine Prod.~Console~2017~Mar 21, 2017~2017~	[8]
The Evil Within~Survival horror~Tango Gameworks~Bethesda Softworks~No~Oct 23, 2014~Oct 17, 2014~Oct 14, 2014~	[85]
The Evil Within 2~Survival horror~Tango Gameworks~Bethesda Softworks~No~Oct 19, 2017~Oct 13, 2017~Oct 13, 2017~ P ~
Evolve~First-person shooter~Turtle Rock Studios~2K Games~No~Mar 5, 2015~Feb 10, 2015~Feb 10, 2015~	[21]
Exile's End~Action~MagneticRealms~Xseed Games~No~Unreleased~Oct 26, 2016~Oct 25, 2016~	[79]
Exist Archive~RPG~tri-Ace~Spike Chunsoft~Sony~Dec 17, 2015~Oct 18, 2016~Unreleased~	[23]
Extinction~Action-Adventure~Iron Galaxy Studio~Maximum Games~No~Q1 2018~Q1 2018~Q1 2018~
F1 2015~Racing~Codemasters~Codemasters~No~Jul 30, 2015~Jun 10, 2015~Jun 21, 2015~
F1 2016~Racing~Codemasters~Codemasters~No~Aug 19, 2016~Aug 19, 2016~Aug 19, 2016~
F1 2017~Racing~Codemasters~Codemasters~No~Aug 25, 2017~Aug 25, 2017~Aug 25, 2017~ HDR  P ~
Fairy Fencer F: Advent Dark Force~RPG~Compile Heart~Idea Factory~Console~Nov 5, 2015~Jul 29, 2016~Jul 26, 2016~	[32]
The Fall~Platform~Over the Moon~Over the Moon~No~Jul 14, 2015~Jul 14, 2015~Jul 14, 2015~
Fallen Legion: Sins of an Empire~Action RPG~YummyYummyTummy~Acttil~Yes~Unreleased~Jul 25, 2017~Jul 25, 2017~	[61]
Fallout 4~Action RPG~Bethesda Game Studios~Bethesda Softworks~No~Dec 17, 2015~Nov 10, 2015~Nov 10, 2015~ P ~[86]
Fanta Blade~	Xindong Network~Xindong Network~Yes~Released exclusively in China (Jan 2016)~	[17]
Fantasy Strike~Fighting~Sirlin Games~Sirlin Games~Console~2018~2018~2018~
Far Cry 4~First-person shooter~Ubisoft Montreal~Ubisoft~No~Jan 22, 2015~Nov 20, 2014~Nov 18, 2014~	[77]
Far Cry 5~First-person shooter~Ubisoft Montreal~Ubisoft~No~Feb 27, 2018~Feb 27, 2018~Feb 27, 2018~
Far Cry Primal~Action-adventure~Ubisoft Montreal~Ubisoft~No~Mar 24, 2016~Feb 23, 2016~Feb 23, 2016~	[18]
FAR: Lone Sails~Adventure~Mr. Whale's Game Service~Mixtvision~No~2018~2018~2018~
Farming Simulator 15~Simulation~Giants Software~Focus Home Int.~No~Nov 26, 2015~May 21, 2015~May 19, 2015~
Farming Simulator 17~Simulation~Giants Software~Focus Home Int.~No~Oct 24, 2016~Oct 24, 2016~Oct 24, 2016~ P ~[79]
Fate/Extella: The Umbral Star~Action~Marvelous~Marvelous~No~Nov 10, 2016~Jan 20, 2017~Jan 17, 2017~ P ~[6]
Fat Princess Adventures~Action-adv, hack and slash~Fun Bits Int~Sony Computer Ent.~Yes~Dec 5, 2015~Dec 5, 2015~Dec 5, 2015~	[29]
Fault Milestone One~Visual novel~Alice in Dissonance~Sekai Project~Console~TBA~TBA~TBA~
Fe~Adventure~Zoink~Electronic Arts~No~Q1 2018~Q1 2018~Q1 2018~
Feist~Platform, puzzle~Bits & Beasts~Finji Games~No~Unreleased~Dec 16, 2016~Dec 13, 2016~
Fenix Furia~Platform~Green Lava Studios~Green Lava Studios~No~Sep 16, 2016~Jun 7, 2016~Jun 7, 2016~
Fez~Platform, puzzle~Polytron Corp~Polytron Corp~No~Aug 20, 2014~Mar 26, 2014~Mar 25, 2014~ 3D ~[43]
Fibbage~Party, trivia~Jackbox Games~Jackbox Games~No~Unreleased~Unreleased~Sep 16, 2014~	[32]
FIFA 14~Sport~EA Canada~Electronic Arts~No~Feb 22, 2014~Nov 29, 2013~Nov 15, 2013~
FIFA 15~Sport~EA Canada~Electronic Arts~No~Oct 9, 2014~Sep 23, 2014~Sep 25, 2014~
FIFA 16~Sport~EA Canada~Electronic Arts~No~Oct 18, 2015~Sep 24, 2015~Sep 22, 2015~	[54]
FIFA 17~Sport~EA Canada~Electronic Arts~No~Sep 29, 2016~Sep 29, 2016~Sep 27, 2016~ P ~
FIFA 18~Sport~EA Canada~Electronic Arts~No~Sep 29, 2017~Sep 29, 2017~Sep 29, 2017~ HDR  P ~[55]
Fighting EX Layer~Fighting~Arika~Arika~Yes~2018~2018~2018~
Figment~Adventure, puzzle~Bedtime Digital~Bedtime Digital~No~2017~2017~2017~
Filthy Lucre~Action, stealth~Fabrik Games~Fabrik Games~Console~Unreleased~Sep 7, 2016~Sep 16, 2016~ VR ~
Final Fantasy VII~RPG~Square Enix~Square Enix~Console~Dec 6, 2015~Dec 5, 2015~Dec 5, 2015~
Final Fantasy VII Remake~Action RPG~Square Enix~Square Enix~Timed~TBA~TBA~TBA~	[75]
Final Fantasy IX~RPG~Square Enix~Square Enix~Console~Sep 19, 2017~Sep 19, 2017~Sep 19, 2017~
Final Fantasy X/X-2 HD Remaster~RPG~Square Enix~Square Enix~Console~May 14, 2015~May 15, 2015~May 12, 2015~	[35]
Final Fantasy XII: The Zodiac Age~RPG~Square Enix~Square Enix~Console~Jul 13, 2017~Jul 11, 2017~Jul 11, 2017~ P ~
Final Fantasy XIV: A Realm Reborn~MMORPG~Square Enix~Square Enix~Console~Apr 14, 2014~Apr 14, 2014~Apr 14, 2014~ PC  PS3  VR ~[45]
Final Fantasy XV~Action RPG~Square Enix~Square Enix~No~Nov 29, 2016~Nov 29, 2016~Nov 29, 2016~ HDR  P  VR ~[33]
Final Fantasy Type-0 HD~Action RPG~Square Enix~Square Enix~No~Mar 19, 2015~Mar 20, 2015~Mar 17, 2015~	[75]
Final Horizon~Tower defense~Eiconic Games~Eiconic Games~Console~Jan 14, 2015~Dec 5, 2014~Dec 4, 2014~
The Final Station~Platform~Do My Best~tinyBuild~No~Unreleased~Sep 6, 2016~Aug 30, 2016~	[41]
Fire Pro Wrestling World~Sport~Spike Chunsoft~Spike Chunsoft~Console~TBA~TBA~TBA~
Firewatch~Adventure~Campo Santo~Campo Santo~No~Feb 9, 2016~Feb 9, 2016~Feb 9, 2016~ P ~[24]
Fist of the North Star~Action-adventure~Sega~Sega~Yes~2018~TBA~TBA~
The Flame in the Flood~Roguelike, survival~The Molasses Flood~Curve Digital~No~Jan 17, 2017~Jan 17, 2017~Jan 17, 2017~	[6]
Flame Over~Action~Laughing Jackal~Laughing Jackal~Console~Unreleased~Sep 16, 2015~Sep 15, 2015~
FlatOut 4: Total Insanity~Racing~Kylotonn~Strategy First~No~Aug 31, 2017~Mar 17, 2017~Mar 17, 2017~ P ~
Flinthook~Action, platform~Tribute Games~Tribute Games~No~Apr 14, 2017~Apr 14, 2017~Apr 14, 2017~
Flipping Death~Adventure~Zoink!~Zoink!~No~TBA~TBA~TBA~
Flockers~Puzzle~Team17~Team17~No~Sep 19, 2014~Sep 19, 2014~Sep 23, 2014~	[60]
flOw~Life simulation~SuperVillain Studios~Sony Computer Ent.~Sony~Feb 22, 2014~Nov 29, 2013~Dec 17, 2013~	[60]
Flower~Adventure~Bluepoint Games~Sony Computer Ent.~Console~Feb 22, 2014~Nov 29, 2013~Nov 15, 2013~	[30]
Fluster Cluck~Party~Loot Ent.~Loot Ent.~No~Oct 14, 2017~Oct 14, 2017~Oct 14, 2017~
For Honor~Adventure~Ubisoft Montreal~Ubisoft~No~Feb 16, 2017~Feb 14, 2017~Feb 14, 2017~ P ~[87]
For the King~Action~IronOak Games~IronOak Games~No~TBA~TBA~TBA~
Forced~Action RPG~BetaDwarf~BetaDwarf~No~Feb 22, 2014~Nov 29, 2013~Nov 15, 2013~
The Forest~Survival adventure~SKS Games~SKS Games~Console~2017~2017~2017~	[24]
Forgotton Anne~Adventure~ThroughLine Games~Square Enix~No~2017~2017~2017~
Forma.8~Action-adventure~MixedBag Games~MixedBag Games~No~Sep 28, 2017~Feb 28, 2017~2017~ P ~
Foul Play~Action-adv, beat 'em up~Mediatonic~Devolver Digital~No~Unreleased~Feb 23, 2016~Sep 1, 2015~
Four Sided Fantasy~Platform, puzzle~Ludo Land~Serenity Forge~No~Unreleased~Aug 31, 2016~Aug 30, 2016~	[41]
Fragments of Him~Adventure~Sassybot~Sassybot~No~TBA~Sep 26, 2017~TBA~
Frantics~Party~NapNok Games~NapNok Games~Yes~TBA~TBA~TBA~ PL ~[83]
Freedom Planet~Platform~GalaxyTrail~GalaxyTrail~No~Unreleased~Mar 21, 2017~Aug 25, 2017~	[8]
Friday the 13th: The Game~Survival horror~Gun Media~IllFonic~No~May 26, 2017~May 26, 2017~May 26, 2017~	[58]
Full Metal Panic! Fight: Who Dares Wins~Strategy RPG~B.B. Studio~Bandai Namco Ent.~Yes~2018~TBA~TBA~
Full Mojo Rampage~Action RPG~Over The Top Games~Nicalis~No~Unreleased~Jun 28, 2016~Jun 28, 2016~
Full Throttle Remastered~Graphic adventure~Double Fine Prod.~Double Fine Prod.~Console~TBA~Apr 18, 2017~TBA~ P ~
Furi~Action, shoot 'em up~The Game Bakers~The Game Bakers~No~Aug 3, 2016~Jul 5, 2016~Jul 5, 2016~	[47]
Fushigi no Gensōkyō 3~Dōjin~Aqua Style~Mediascape~Console~TBA~TBA~TBA~
Future Unfolding~Adventure, puzzle~Spaces of Play~Spaces of Play~Console~May 16, 2017~May 16, 2017~May 16, 2017~	[22]
FutureGrind~Action~Milkbag Games~Milkbag Games~Console~2017~2017~2017~
Futuridium EP Deluxe~Shooter, puzzle~MixedBag Games~MixedBag Games~No~Unreleased~Sep 30, 2014~Oct 1, 2014~ VR ~[62]
Galak-Z: The Dimensional~Shooter~17-BIT~17-BIT~Console~Aug 4, 2015~Aug 5, 2015~Aug 4, 2015~	[16]
Gal*Gun: Double Peace~Rail shooter~Inti Creates~Alchemist~Console~Aug 6, 2015~Mar 11, 2016~Aug 2, 2016~	[11]
Gal Gun 2~Rail shooter~Inti Creates~Inti Creates~No~Mar 15, 2018~2018~2018~
Gal Gunvolt~Platform~Inti Creates~Inti Creates~Console~Aug 6, 2015~Unreleased~Unreleased~
Game of Thrones~Graphic adventure~Telltale Games~Telltale Games~No~Dec 3, 2014~Dec 3, 2014~Dec 3, 2014~	[60]
Gang Beasts~Party~Boneloaf Games~Double Fine Prod.~Console~2017~2017~2017~ VR ~
The Gardens Between~Puzzle~The Voxel Agents~The Voxel Agents~Console~2018~2018~2018~	[65]
Garou: Mark of the Wolves~Fighting~Code Mystics~SNK Playmore~No~Dec 3, 2016~Dec 3, 2016~Dec 3, 2016~ Vita ~[61]
Gas Guzzlers Extreme~Vehicular combat~Gamepires~Iceberg Int.~No~2017~2017~2017~
Gauntlet: Slayer Edition~Hack and slash~Arrowhead Studios~Warner Bros Int Ent~Console~Aug 11, 2015~Aug 11, 2015~Aug 11, 2015~	[57]
Gemini: Heroes Reborn~Action-adventure~Phosphor Games~Phosphor Games~No~Unreleased~Jan 27, 2016~Jan 26, 2016~	[88]
Gem Smashers~Puzzle~Frame Studios~Funbox Media~No~Unreleased~Feb 24, 2017~Mar 3, 2017~	[7]
Gensō No Rondo~2D arena fighter~Cube Type~PlayDoujin~No~Jun 11, 2015~Unreleased~Unreleased~
Geometry Wars 3: Dimensions~Multidirectional shooter~Lucid Games~Sierra Ent~No~Nov 25, 2014~Nov 25, 2014~Nov 25, 2014~
Get Even~First-person shooter~The Farm 51~Bandai Namco Ent.~No~Aug 8, 2017~Jun 23, 2017~Jun 23, 2017~ P ~[58]
Ghost Blade HD~Action~HUCAST~2Dream~No~Feb 28, 2017~Feb 28, 2017~Feb 28, 2017~
Ghost of a Tale~Adventure, stealth~SeithCG~SeithCG~No~TBA~TBA~TBA~
Ghost of Tsushima~Action, open world~Sucker Punch~Sucker Punch~Yes~TBA~TBA~TBA~ P ~[65]
Giana Sisters: Twisted Dreams - Director's Cut~Platform~Black Forest Games~Black Forest Games~No~Dec 9, 2014~Dec 9, 2014~Dec 9, 2014~
Girls und Panzer: Dream Tank Match~Action~Bandai Namco Ent.~Bandai Namco Ent.~Yes~Feb 22, 2018~TBA~TBA~
Glitched~RPG~En House Studios~En House Studios~No~2018~2018~2018~
Gnog~Adventure, puzzle~Ko-Op~Ko-Op~Console~May 2, 2017~TBA~TBA~ VR ~
Goat Simulator~Action~Coffee Stain Studios~Coffee Stain Studios~No~Oct 7, 2015~Aug 11, 2015~Aug 11, 2015~	[57]
God Eater Resurrection~Action RPG~Bandai Namco Ent.~Bandai Namco Ent.~Console~Oct 29, 2015~Aug 30, 2016~Jun 29, 2016~ Vita ~[23]
God Eater 2: Rage Burst~Action RPG~Bandai Namco Ent.~Bandai Namco Ent.~Console~Feb 5, 2015~Aug 30, 2016~Aug 30, 2016~ Vita ~[41]
God of War III Remastered~Action-adventure~SCE Santa Monica Studio~Sony Computer Ent.~Sony~Jul 16, 2015~Jul 15, 2015~Jul 14, 2015~	[29]
God of War~Action-adventure~SIE Santa Monica Studio~Sony Interactive Ent.~Yes~2018~2018~2018~	[76]
Godling~First-person adventure~Solfar Studios~Solfar Studios~Yes~TBA~TBA~TBA~ VR ~
God Wars: Future Past~Tactical RPG~Kadokawa Games~Kadokawa Games~Sony~Jun 22, 2017~Jun 16, 2017~Jun 20, 2017~
Godzilla: The Game~Action-adventure~Bandai Namco Ent.~Bandai Namco Ent.~Sony~Jul 16, 2015~Jul 14, 2015~Jul 14, 2015~
The Golf Club~Sport~HB Studios~HB Studios~No~Aug 26, 2014~Aug 26, 2014~Aug 26, 2014~
The Golf Club 2~Sport~HB Studios~HB Studios~No~Jun 27, 2017~Jun 27, 2017~Jun 27, 2017~	[66]
Gone Home~Adventure~The Fullbright Company~Midnight City~No~Nov 2, 2016~Feb 12, 2016~Jan 12, 2016~	[36]
Goosebumps: The Game~Point-and-click adventure~WayForward~WayForward~No~Oct 13, 2015~Oct 13, 2015~Oct 13, 2015~	[46]
Graceful Explosion Machine~Shoot 'em up~Vertex Pop~Vertex Pop~No~Aug 8, 2017~Aug 8, 2017~Aug 8, 2017~
Grand Ages: Medieval~Strategy~Gaming Minds Studios~Kalypso Media~Console~Jun 9, 2016~Oct 9, 2015~Oct 13, 2015~	[46]
Grand Kingdom~Tactical RPG~MonoChro~Spike Chunsoft~Sony~Nov 19, 2015~Jun 17, 2016~Jun 21, 2016~ Vita ~[38]
Grand Prix Rock N Racing~Racing~Unfinished Pixel~Unfinished Pixel~No~Oct 7, 2016~Oct 7, 2016~Oct 7, 2016~
Grand Theft Auto V~Action-adv, open world~Rockstar North~Rockstar Games~No~Nov 18, 2014~Nov 18, 2014~Nov 18, 2014~	[77]
Gran Turismo Sport~Racing~Polyphony Digital~Sony Computer Ent.~Yes~Oct 19, 2017~Oct 18, 2017~Oct 17, 2017~ HDR  P  VR ~
Grave~Survival horror~Broken Window Studios~Broken Window Studios~No~TBA~TBA~TBA~
Gravel~Racing~Milestone S.r.l.~Milestone S.r.l.~No~2018~2018~2018~
Gravity Ghost~Puzzle~Ivy Games~Ivy Games~Console~TBA~TBA~TBA~
Gravity Rush Remastered~Action RPG~SCE Japan Studio~Sony Computer Ent.~Sony~Nov 12, 2015~Feb 10, 2016~Feb 9, 2016~	[20]
Gravity Rush 2~Action RPG~SIE Japan Studio~Sony Interactive Ent.~Yes~Jan 19, 2017~Jan 20, 2017~Jan 20, 2017~ P ~[6]
Gray Dawn~Adventure, horror~Interactive Stone~	Console~TBA~TBA~TBA~
Greedfall~Action RPG~Spiders~Focus Home Int.~No~2018~2018~2018~
Grim Legends: The Forsaken Bride~Hidden object~Artifex Mundi~Artifex Mundi~No~Unreleased~Feb 28, 2017~Feb 28, 2017~
Grip~Racing~Caged Element~Caged Element~Timed~TBA~TBA~TBA~
Grim Fandango Remastered~Graphic adventure~Double Fine Prod.~Disney Int. Studios~Console~Nov 2, 2016~Jan 28, 2015~Jan 27, 2015~	[53]
Grow Home~Adventure, platform~Ubisoft~Ubisoft~Console~Sep 2, 2015~Sep 1, 2015~Sep 1, 2015~
Grow Up~Adventure~Ubisoft Reflections~Ubisoft~No~Aug 17, 2016~Aug 16, 2016~Aug 16, 2016~
Guacamelee! Super Turbo Championship Edition~Action-adv, platform~DrinkBox Studios~DrinkBox Studios~No~Jul 2, 2014~Jul 2, 2014~Jul 2, 2014~
Guacamelee! 2~Platform, beat 'em up~DrinkBox Studios~DrinkBox Studios~TBA~TBA~TBA~TBA~	[65]
Guardians of the Galaxy: The Telltale Series~Graphic adventure~Telltale Games~Telltale Games~No~Apr 18, 2017~Apr 18, 2017~Apr 18, 2017~
Guardians of the Rose~2D, RPG~Pixel x Pixel Games~Pixel x Pixel Games~No~TBA~TBA~TBA~
Guilty Gear Xrd: Sign~Fighting~Arc System Works~Aksys Games~Console~Feb 20, 2014~Jun 3, 2015~Dec 16, 2014~ PS3 ~[89]
Guilty Gear Xrd: Revelator~Fighting~Arc System Works~Arc System Works~Console~May 26, 2016~Jun 10, 2016~Jun 7, 2016~ PS3 ~[31]
Guitar Hero Live~Music, rhythm~FreeStyleGames~Activision~No~Unreleased~Oct 23, 2015~Oct 20, 2015~	[14]
Gundam Breaker 3~Mech-combat~Bandai Namco Ent.~Bandai Namco Ent.~Sony~Mar 3, 2016~Unreleased~Unreleased~
SD Gundam G Generation Genesis~Strategy RPG~Bandai Namco Ent.~Bandai Namco Ent.~Sony~TBA~TBA~TBA~
Gundam Versus~Mech-combat~Bandai Namco Ent.~Bandai Namco Ent.~Yes~Jul 6, 2017~Sep 29, 2017~Sep 29, 2017~	[55]
Gunhead~Action, shooter~Alientrap~Alientrap~Console~TBA~2018~2018~
Guns, Gore and Cannoli~Action, platform~Crazy Monkey Studios~Crazy Monkey Studios~No~Jul 1, 2016~Dec 8, 2015~Dec 8, 2015~	[28]
Guns, Gore and Cannoli 2~Action, platform~Crazy Monkey Studios~Crazy Monkey Studios~No~TBA~TBA~TBA~
Guns of Icarus Alliance~Action~Muse Games~Muse Games~Console~2018~2018~2018~
Guns of Icarus Online~First-person shooter~Muse Games~Muse Games~Console~TBA~TBA~TBA~ PC ~[90]
Gunscape~First-person shooter~Blowfish Studios~Blowfish Studios~No~Unreleased~Mar 1, 2016~Mar 1, 2016~
Gunsport~Sport~Necrosoft Games~Iron Galaxy Studios~No~TBA~TBA~TBA~
H-Hour: World's Elite~Tactical shooter~SOF Studios~SOF Studios~Console~TBA~TBA~TBA~	[24]
H1Z1: King of the Kill~MMO, deathmatch~Daybreak Game Company~Daybreak Game Company~No~TBA~TBA~TBA~
Habitat: A Thousand Generations in Orbit~Strategy~4gency~4gency~No~TBA~TBA~TBA~
.hack//G.U. Last Recode~Action RPG~CyberConnect2~Bandai Namco Ent.~Console~Nov 1, 2017~Nov 3, 2017~Nov 3, 2017~ P ~
Hakoniwa Company Works~RPG, sandbox~Nippon Ichi Software~Nippon Ichi Software~Yes~Jul 13, 2017~Unreleased~Unreleased~
Hand of Fate~Action RPG~Defiant Development~Defiant Development~No~Feb 17, 2015~Feb 17, 2015~Feb 17, 2015~
Hand of Fate 2~Action RPG~Defiant Development~Defiant Development~No~Nov 7, 2017~Nov 7, 2017~Nov 7, 2017~ P ~[61]
Hard Reset: Redux~First-person shooter~Flying Wild Hog~Gambitious Ent~No~Jun 3, 2016~Jun 3, 2016~Jun 3, 2016~	[37]
Hardware: Rivals~Vehicular combat~Connected Content Group~Sony Computer Ent.~Yes~Feb 3, 2016~Jan 5, 2016~Jan 5, 2016~	[91]
Harvest Moon: Light of Hope~RPG, simulation~Natsume~Natsume~No~TBA~TBA~TBA~	[76]
Hatoful Boyfriend~Visual novel~Mediatonic~Devolver Digital~Console~Jul 21, 2015~Jul 22, 2015~Jul 21, 2015~
Hatsune Miku: Project DIVA Colorful Sound and Future Tone~Rhythm~Sega~Sega~Console~Jun 23, 2016~Unreleased~Jan 10, 2017~
Hatsune Miku: Project DIVA X~Rhythm~Sega~Sega~Sony~Aug 25, 2016~Aug 30, 2016~Aug 30, 2016~ P ~[41]
Headlander~Action-adventure~Double Fine Prod.~Adult Swim Games~No~Jul 26, 2016~Jul 26, 2016~Jul 26, 2016~
Heart&Slash~3D brawler~aheartfulofgames~BadLand Games~No~Oct 31, 2016~Jun 24, 2016~Jun 28, 2016~
Heart Forth, Alicia~Action RPG~Alonso Martin~TBA~No~TBA~TBA~TBA~	[29]
HeartZ~Platform~Neko Ent.~	No~TBA~TBA~TBA~
Heavy Rain~Interactive drama~Quantic Dream~Sony Computer Ent.~Sony~Jun 1, 2016~Mar 2, 2016~Mar 1, 2016~	[36]
Hellblade: Senua's Sacrifice~Action, hack and slash~Ninja Theory~Ninja Theory~Console~Unreleased~Aug 8, 2017~Aug 8, 2017~ P ~[36]
Helldivers~Shoot 'em up~Arrowhead Studios~Sony Computer Ent.~Console~Mar 5, 2015~Mar 4, 2015~Mar 3, 2015~ PS3  Vita ~[92]
Here They Lie~Horror~Tangentlemen~Sony Interactive Ent.~Yes~Unreleased~Oct 13, 2016~Oct 13, 2016~ HDR  VR ~
Her Majesty's Spiffing~Point-and-click adventure~Billy Goat Ent.~Billy Goat Ent.~No~Dec 13, 2016~Dec 13, 2016~Dec 13, 2016~
Hero Defense~Tower defense~Happy Tuesday~Headup Games~No~2017~2017~2017~
Hidden Agenda~Interactive drama~Supermassive Games~Sony Interactive Ent.~Yes~Oct 24, 2017~Oct 24, 2017~Oct 24, 2017~ PL ~[83]
Hitman~Action, stealth~IO Interactive~Square Enix~No~Aug 10, 2017~Mar 11, 2016~Mar 11, 2016~ HDR ~[36]
Hitman Go~Puzzle~Square Enix Montréal~Square Enix~Console~Feb 23, 2016~Feb 23, 2016~Feb 23, 2016~	[18]
Hob~Action-adventure~Runic Games~Sony Interactive Ent.~Console~Sep 26, 2017~Sep 26, 2017~Sep 26, 2017~	[55]
Hohokum~Adventure~Honeyslug~Sony Computer Ent.~Sony~Aug 13, 2014~Aug 13, 2014~Aug 12, 2014~
Home~Survival horror~Benjamin Rivers~Benjamin Rivers~Console~Unreleased~Apr 15, 2015~Nov 4, 2014~	[1]
Home Free~RPG~Kevin Cancienne~	Console~TBA~TBA~TBA~
Homefront: The Revolution~First-person shooter~Deep Silver Dambuster~Deep Silver~No~May 19, 2016~May 20, 2016~May 17, 2016~ HDR ~
The Hong Kong Massacre~Shooter~Vreski~Captain Rogue~Timed~2018~2018~2018~	[65]
HoPiKo~Platform~Laser Dog~Merge Games~No~Unreleased~Sep 21, 2016~Unreleased~
Horizon Zero Dawn~Action RPG~Guerrilla Games~Sony Interactive Ent.~Yes~Mar 2, 2017~Mar 1, 2017~Feb 28, 2017~ HDR  P ~[36]
Hotchkiss[ja]~Visual novel~TGL~TGL~No~TBA~Unreleased~Unreleased~	[23]
Hotline Miami~Top-down shooter~Dennaton Games~Devolver Digital~Console~Unreleased~Aug 20, 2014~Aug 19, 2014~
Hotline Miami 2: Wrong Number~Top-down shooter~Dennaton Games~Devolver Digital~Console~Jun 25, 2015~Mar 11, 2015~Mar 10, 2015~
Hover: Revolt of Gamers~Platform~Midgar Studio~The Sidekicks~No~TBA~TBA~TBA~
How To Survive: Storm Warning Edition~Action RPG, survival~Eko Software~505 Games~No~Apr 8, 2015~Oct 29, 2014~Nov 4, 2014~
How to Survive 2~Action RPG, survival~Eko Software~505 Games~No~Feb 6, 2017~Feb 6, 2017~Feb 6, 2017~	[93]
Hue~Puzzle platformer~Fiddlesticks~Curve Digital~No~Unreleased~Aug 30, 2016~Aug 23, 2016~	[41]
The Hum: Abductions~Survival horror~Totwise Studios~TBA~Console~TBA~TBA~TBA~ VR ~[24]
Human: Fall Flat~Physics, puzzle~No Brakes Games~Curve Digital~No~TBA~TBA~May 9, 2017~	[61]
Hunt: Showdown~Action RPG~Crytek~Crytek~No~TBA~TBA~TBA~
The Huntsman: Winter's Curse~Adventure, RPG~Desert Owl Games~Desert Owl Games~Console~Unreleased~Aug 23, 2016~Aug 16, 2016~
Hyperdrive Massacre~Racing~34BigThings~34BigThings~No~TBA~TBA~TBA~
Hyper Light Drifter~Action RPG~Heart Machine~Heart Machine~No~May 25, 2017~Jul 26, 2016~Jul 26, 2016~
Hyper Void~Shooter~IN|Framez~IN|Framez~No~Sep 8, 2015~Sep 8, 2015~Sep 8, 2015~ VR ~[48]
I Am Bread~Puzzle~Bossa Studios~Bossa Studios~No~Dec 25, 2015~Aug 25, 2015~Aug 25, 2015~
I Am Setsuna~RPG~Tokyo RPG Factory~Square Enix~No~Feb 18, 2015~Jul 19, 2016~Jul 19, 2016~	[3]
Icey~Side-scroller~X.D. Network~X.D. Network~No~TBA~Unreleased~Aug 8, 2017~	[94]
Iconoclasts~Action, platform~Konjak~Bifrost Ent.~Console~TBA~TBA~TBA~
The Idolmaster Platinum Stars~Music, rhythm~Bandai Namco Ent.~Bandai Namco Ent.~Yes~Jul 28, 2016~Unreleased~Unreleased~
The Idolmaster: Stella Stage~Music, rhythm~Bandai Namco Ent.~Bandai Namco Ent.~Yes~Dec 21, 2017~Unreleased~Unreleased~
Impact Winter~Survival~Bandai Namco Ent.~Bandai Namco Ent.~No~TBA~TBA~TBA~
Immortal Redneck~Shooter~CremaGames~CremaGames~No~TBA~TBA~TBA~
Immortal: Unchained~Shooter~Toadman Int.~Toadman Int.~No~2018~2018~2018~
Industry Giant II~Business simulation~Fancy Bytes~UIG Ent.~No~Unreleased~Dec 20, 2016~Dec 20, 2016~
Indivisible~Action RPG~Lab Zero Games~505 Games~No~2018~2018~2018~	[76]
Infamous First Light~Action-adventure~Sucker Punch Prod.~Sony Computer Ent.~Yes~Sep 11, 2014~Aug 27, 2014~Aug 26, 2014~ HDR  P ~[60]
Infamous Second Son~Action-adventure~Sucker Punch Prod.~Sony Computer Ent.~Yes~May 22, 2014~Mar 21, 2014~Mar 21, 2014~ HDR  P ~[53]
Infinifactory~Puzzle~Zachtronics~Zachtronics~Console~Dec 22, 2015~Dec 22, 2015~Dec 22, 2015~
Infinite Minigolf~Sport~Zen Studios~Zen Studios~No~Unreleased~Jul 25, 2017~Jul 25, 2017~ P  VR ~
Infinium Strike~Tower defense~Codex Worlds~Codex Worlds~No~TBA~TBA~TBA~
Injustice: Gods Among Us Ultimate Edition~Fighting~High Voltage Software~Warner Bros Int. Ent.~No~Unreleased~Nov 29, 2013~Nov 15, 2013~	[30]
Injustice 2~Fighting~NetherRealm Studios~Warner Bros Int. Ent.~No~Unreleased~May 16, 2017~May 16, 2017~ HDR  P ~[22]
The Inner World~Point-and-click adventure~Studio Fizbin~Headup Games~No~Mar 31, 2017~Mar 31, 2017~Mar 31, 2017~
The Inpatient~Interactive drama~Supermassive Games~Sony Interacive Ent.~Yes~TBA~Nov 22, 2017~Nov 21, 2017~ VR ~[76]
Insane Robots~Turn-based strategy~Playniac~Playniac~No~TBA~TBA~TBA~
Inside~Platform~Playdead~Playdead~No~Aug 23, 2016~Aug 23, 2016~Aug 23, 2016~
Inside My Radio~Platform, rhythm~Seaven Studio~Iceberg Int~No~May 11, 2015~May 11, 2015~May 11, 2015~
Insurgency: Sandstorm~First-person shooter~New World Int.~Focus Home Int.~No~2017~2017~2017~
In the Shadows~Platform, puzzle~Colorspace Studio~Colorspace Studio~No~2017~2017~2017~
Inversus~Action, puzzle~Hypersect~Hypersect~No~Aug 31, 2016~Aug 17, 2016~Aug 16, 2016~
Invisible, Inc.~Turn-based tactics~Klei Ent.~Klei Ent.~Console~Apr 19, 2016~Apr 19, 2016~Apr 19, 2016~	[24]
iO~Platform, puzzle~Gamious~Gamious~No~Unreleased~Feb 14, 2017~Feb 14, 2017~	[87]
Ironcast~Puzzle, strategy~Dreadbit~Dreadbit~No~Unreleased~Mar 2, 2016~Mar 1, 2016~
Ironclad Tactics~Strategy~Zachtronics~Zachtronics~Console~Jan 20, 2015~Jan 20, 2015~Jan 20, 2015~	[24]
Iron Crypticle~RPG, shooter~Confused Pelican~TIKIPOD~No~Unreleased~Jul 11, 2017~Jul 11, 2017~
Iron Harvest: 1920+~Real-time strategy~King Art Games~King Art Games~No~2018~2018~2018~
Iron Sea Defenders~Tower defense~Creobit~8 Floor Games~Console~Unreleased~Jun 14, 2017~Jun 13, 2017~
Is It Wrong to Try to Pick Up Girls in a Dungeon? Infinite Combat~Action RPG~5pb.~5pb.~Console~2018~Unreleased~Unreleased~	[23]
Ittle Dew 2~Action-adventure~Ludosity~Nicalis~No~Unreleased~Nov 15, 2016~Nov 15, 2016~
J-Stars Victory VS~Fighting~Spike Chunsoft~Bandai Namco Ent.~Sony~Mar 19, 2015~Jun 26, 2015~Jun 30, 2015~
The Jackbox Party Pack~Party, trivia~Jackbox Games~Jackbox Games~No~Unreleased~Jun 2, 2015~Nov 18, 2014~	[77]
The Jackbox Party Pack 2~Party, trivia~Jackbox Games~Jackbox Games~No~Unreleased~Oct 13, 2015~Oct 13, 2015~
The Jackbox Party Pack 3~Party, trivia~Jackbox Games~Jackbox Games~No~Unreleased~Oct 19, 2016~Oct 18, 2016~
Jamestown+~Shoot 'em up~Final Form Games~Final Form Games~Console~Mar 17, 2015~Mar 17, 2015~Mar 17, 2015~	[24]
Jazzpunk Director's Cut~Adventure, art~Necrophone Games~Adult Swim Games~Console~Unreleased~Oct 19, 2016~Sep 20, 2016~
Jenny LeClue - Detectivú~Adventure, puzzle~Mografi~Mografi~Console~TBA~TBA~TBA~
Jet Car Stunts~Racing~Grip Digital~Grip Digital~No~May 6, 2014~May 6, 2014~May 6, 2014~
Jetpack Joyride~Platform~Big Ant Studios~Big Ant Studios~Console~Apr 26, 2016~Apr 26, 2016~Apr 26, 2016~
Jikkyou Powerful Pro Baseball~Sport~Konami~Konami~Sony~Apr 28, 2016~Unreleased~Unreleased~
Joe Dever's Lone Wolf~RPG~Forge Reply~505 Games~No~Mar 16, 2016~Mar 16, 2016~Mar 16, 2016~	[15]
JoJo's Bizarre Adventure: Eyes of Heaven~Fighting~CyberConnect2~Bandai Namco Ent.~Sony~Dec 17, 2015~Jul 1, 2016~Jun 28, 2016~
Jotun: Valhalla Edition~Action-adventure~Thunder Lotus Games~Thunder Lotus Games~No~Sep 9, 2016~Sep 9, 2016~Sep 9, 2016~
Journey~Action-adventure~That Game Company~Sony Computer Ent.~Sony~Jul 23, 2015~Jul 21, 2015~Jul 21, 2015~	[91]
Joysound Dive 2~Karaoke, music~Xing Ent~Xing Ent~Yes~Feb 22, 2014~Unreleased~Unreleased~
Jump Stars~Action, party~Jamit Games~Curve Digital~No~Unreleased~Jun 9, 2017~Jun 9, 2017~	[70]
Jurassic World Evolution~Simulation~Frontier Developments~Frontier Developments~No~2018~2018~2018~
Just Cause 3~Action-adventure~Avalanche Studios~Square Enix~No~Jan 21, 2016~Dec 1, 2015~Dec 1, 2015~	[75]
Just Dance 2014~Music, rhythm~Ubisoft Milan~Ubisoft~No~Unreleased~Nov 29, 2013~Nov 15, 2013~ C  M ~[30]
Just Dance 2015~Music, rhythm~Ubisoft Paris~Ubisoft~No~Unreleased~Oct 23, 2014~Oct 21, 2014~ C  M ~[84]
Just Dance 2016~Music, rhythm~Ubisoft Paris~Ubisoft~No~Unreleased~Oct 22, 2015~Oct 20, 2015~ C  M ~[14]
Just Dance 2017~Rhythm~Ubisoft Paris~Ubisoft~No~Unreleased~Oct 27, 2016~Oct 25, 2016~ C  M ~
Kamen Rider: Battride War Genesis~Action, beat 'em up~Eighting~Bandai Namco Ent.~Sony~Feb 25, 2016~Unreleased~Unreleased~
Kentucky Route Zero~Adventure~Cardboard Computer~Annapurna Int.~No~TBA~Q1 2018~Q1 2018~
Kerbal Space Program~Simulation~Squad~Squad~No~Unreleased~Unreleased~Jul 12, 2016~	[12]
Kero Blaster~Platform~Studio Pixel~Playism~Console~Apr 11, 2017~Apr 11, 2017~Apr 11, 2017~
Kholat~Survival horror~Imgn.Pro~Imgn.Pro~No~Jun 9, 2015~Jun 9, 2015~Jun 9, 2015~	[24]
Kick Off Revival~Sport~Dino Dini~The Digital Lounge~Console~Jun 24, 2016~Jun 24, 2016~Mar 7, 2017~
KickBeat: Special Edition~Music, rhythm~Zen Studios~Zen Studios~No~Sep 16, 2014~Sep 16, 2014~Sep 16, 2014~ 3D ~[32]
Killing Floor 2~First-person shooter~Tripwire Int.~Iceberg Int.~No~Nov 18, 2016~Nov 18, 2016~Nov 18, 2016~ P ~
Killzone Shadow Fall~First-person shooter~Guerrilla Games~Sony Computer Ent.~Yes~Feb 22, 2014~Nov 29, 2013~Nov 15, 2013~	[30]
King Oddball~Puzzle~10tons Ltd.~10tons Ltd.~No~Unreleased~Apr 1, 2014~Apr 8, 2014~
The King of Fighters XIV~Fighting~SNK Playmore~SNK Playmore~Console~Aug 25, 2016~Aug 26, 2016~Aug 23, 2016~ P ~[61]
Kingdom Come: Deliverance~Action RPG~Warhorse Studios~Deep Silver~No~Feb 13, 2018~Feb 13, 2018~Feb 13, 2018~	[95]
Kingdom Hearts HD 1.5 + 2.5 Remix~Action RPG~Square~Square~Yes~Mar 9, 2017~Mar 31, 2017~Mar 28, 2017~ P ~[96]
Kingdom Hearts HD 2.8 Final Chapter Prologue~Action RPG~Square Enix~Square Enix~Yes~Jan 12, 2017~Jan 24, 2017~Jan 24, 2017~ P ~[82]
Kingdom Hearts III~Action RPG~Square Enix~Square Enix~No~2018~2018~2018~	[75]
King's Quest~Adventure~The Odd Gentlemen~Sierra Ent~No~Jul 28, 2015~Jul 28, 2015~Jul 28, 2015~
Kissbell[ja]~Visual novel~Giga~TGL~Console~TBA~Unreleased~Unreleased~	[23]
Klaus~Platform~La Cosa Ent~La Cosa Ent~Console~Unreleased~Jan 25, 2016~Jan 19, 2016~
Knack~Platform, beat 'em up~SCE Japan Studio~Sony Computer Ent.~Yes~Feb 22, 2014~Nov 29, 2013~Nov 15, 2013~ P ~[30]
Knack 2~Platform, beat 'em up~SCE Japan Studio~Sony Interactive Ent.~Yes~Sep 28, 2017~Sep 5, 2017~Sep 5, 2017~ HDR  P ~[97]
Knights and Bikes~Adventure, platform~Foam Sword~Double Fine Prod.~Console~2017~2017~2017~
Knock Knock~Adventure, horror~Ice-Pick Lodge~Ice-Pick Lodge~Console~Sep 10, 2015~Sep 10, 2015~Sep 10, 2015~	[48]
Knot~Puzzle~Warlock Arts~Warlock Arts~Console~Unreleased~Jul 19, 2016~Sep 13, 2016~	[3]
Knowledge is Power~Party~Wish Studios~Sony Interactive Ent.~Yes~TBA~Nov 22, 2017~Nov 22, 2017~ PL ~[83]
Kodoku~Survival horror, stealth~Carnivore Studio~Carnivore Studio~Sony~TBA~TBA~TBA~
KOI~Adventure, puzzle~Dotoyou~Oasis Games~Yes~Apr 27, 2017~May 3, 2016~Apr 19, 2016~	[17]
Koihime Enbu~Fighting~Yeti~BaseSon~No~Jan 28, 2016~Unreleased~Unreleased~	[23]
Kona~Adventure~Parabole Studios~Parabole Studios~No~Mar 17, 2017~Mar 17, 2017~Mar 17, 2017~
Kromaia Omega~Shoot 'em up~Kraken Empire~Rising Star Games~Console~Unreleased~Nov 10, 2015~Nov 10, 2015~	[86]
LA Cops~Action~Modern Dream~Team17~No~Unreleased~Apr 22, 2015~Apr 21, 2015~	[39]
L.A. Noire~Action-adventure~Team Bondi~Rockstar Games~No~Nov 14, 2017~Nov 14, 2017~Nov 14, 2017~ P ~
Lara Croft and the Temple of Osiris~Action, platform~Crystal Dynamics~Square Enix~No~Dec 25, 2014~Dec 9, 2014~Dec 9, 2014~	[75]
Lara Croft Go~Puzzle~Square Enix Montréal~Square Enix~Console~Dec 3, 2016~Dec 3, 2016~Dec 3, 2016~
Laser League~Action~Roll7~505 Games~No~2018~2018~2018~
Laserlife~Rhythm~Choice Provisions~Choice Provisions~No~Sep 22, 2015~Sep 22, 2015~Sep 22, 2015~	[54]
The Last Blade 2~Fighting~Code Mystics~SNK Playmore~No~May 24, 2016~May 24, 2016~May 24, 2016~ Vita ~[67]
Last Day of June~Adventure, puzzle~Ovosonico~505 Games~Console~Unreleased~Aug 31, 2017~Aug 31, 2017~	[10]
The Last Guardian~Adventure~genDESIGN / SIE Japan~Sony Interactive Ent.~Yes~Dec 6, 2016~Dec 7, 2016~Dec 6, 2016~ HDR  P ~[36]
The Last of Us Remastered~Action-adventure~Naughty Dog~Sony Computer Ent.~Sony~Aug 21, 2014~Jul 30, 2014~Jul 29, 2014~ HDR  P ~[98]
The Last of Us: Left Behind~Action-adventure~Naughty Dog~Sony Computer Ent.~Sony~May 12, 2015~May 12, 2015~May 12, 2015~ HDR  P ~[35]
The Last of Us Part II~Action-adventure~Naughty Dog~Sony Interactive Ent.~Yes~TBA~TBA~TBA~ P ~[97]
The Last Tinker: City of Colors~3D Platform~Loot Int.~Unity Games~Console~Unreleased~Aug 20, 2014~Aug 19, 2014~	[24]
LawBreakers~First-person shooter~Boss Key Prod.~Nexon~Console~Aug 8, 2017~Aug 8, 2017~Aug 8, 2017~ P ~[76]
Laws of Machine~Platform, puzzle~Badri Bebua~Badri Bebua~No~Feb 17, 2017~Oct 17, 2017~Oct 17, 2017~
Layers of Fear~Adventure, horror~Bloober Team~Bloober Team~No~Feb 16, 2016~Feb 16, 2016~Feb 16, 2016~
Leap of Fate~Action, rogue-like~Clever-Plays~Clever-Plays~Console~TBA~TBA~TBA~ P ~
Leaving Lyndow~Adventure~Eastshade Studios~Eastshade Studios~Console~Unreleased~Unreleased~Jul 27, 2017~
Left Alive~Action, survival~Square Enix~Square Enix~Console~2018~2018~2018~
The Legend of Heroes~RPG~Nihon Falcom~Nihon Falcom~Sony~Mar 2018~TBA~TBA~ P ~[99]
The Legend of Heroes: Trails of Cold Steel II~RPG~Nihon Falcom~Nihon Falcom~Console~2018~TBA~TBA~	[99]
The Legend of Heroes: Trails of Cold Steel III~RPG~Nihon Falcom~Nihon Falcom~Yes~Sep 28, 2017~Unreleased~Unreleased~ P ~[99]
The Legend of Heroes: Trails of Cold Steel IV~RPG~Nihon Falcom~Nihon Falcom~Yes~2018~TBA~TBA~	[99]
Legend of Kay Anniversary~Platform~Unit 4 Games~Nordic Games~No~Jul 28, 2015~Jul 28, 2015~Jul 28, 2015~
The Legend of Korra~Action-adventure~PlatinumGames~Activision~No~Oct 22, 2014~Oct 22, 2014~Oct 22, 2014~	[84]
Lego Batman 3: Beyond Gotham~Action-adventure~TT Games~Warner Bros Ent.~No~Apr 2, 2015~Nov 14, 2014~Nov 11, 2014~	[40]
Lego City Undercover~Action-adventure~TT Games~Warner Bros Ent.~No~Jun 29, 2017~Apr 7, 2017~Apr 4, 2017~	[50]
Lego Dimensions~Action-adventure~TT Games~Warner Bros Ent.~No~Unreleased~Sep 29, 2015~Sep 27, 2015~
Lego Harry Potter Collection Remastered~Action-adventure~Warner Bros Ent.~Warner Bros Ent.~Yes~Unreleased~Oct 21, 2016~Oct 18, 2016~ P ~
The Lego Movie Videogame~Action-adventure~TT Games~Warner Bros Ent.~No~Nov 6, 2014~Feb 7, 2014~Feb 7, 2014~
The Lego Ninjago Movie Video Game~Action-adventure~TT Fusion~Warner Bros Ent.~No~Sep 22, 2017~Sep 22, 2017~Sep 22, 2017~
Lego The Hobbit~Action-adventure~TT Games~Warner Bros Ent.~No~Unreleased~Apr 11, 2014~Apr 8, 2014~
Lego Jurassic World~Action-adventure~TT Games~Warner Bros Ent.~No~Nov 5, 2015~Jun 2, 2015~Jun 12, 2015~
Lego Marvel Super Heroes~Action-adventure~TT Games~Warner Bros Ent.~No~Jan 22, 2015~Nov 29, 2013~Nov 15, 2013~
Lego Marvel Super Heroes 2~Action-adventure~TT Games~Warner Bros Ent.~No~Nov 14, 2017~Nov 14, 2017~Nov 14, 2017~	[100]
Lego Marvel's Avengers~Action-adventure~TT Games~Warner Bros Ent.~No~Jan 16, 2016~Jan 16, 2016~Jan 16, 2016~	[88]
Lego Star Wars: The Force Awakens~Action-adventure~TT Games~Warner Bros Ent.~No~Oct 13, 2016~Jun 28, 2016~Jun 28, 2016~
Lego Worlds~Action-adventure~TT Games~Warner Bros Ent.~No~Apr 6, 2017~Mar 4, 2017~Mar 7, 2017~ P ~[7]
Leo's Fortune: HD Edition~Platform, puzzle~Tilting Point~1337 & Senri~No~Sep 8, 2015~Sep 8, 2015~Sep 8, 2015~	[48]
Lethal League~Fighting~Team Reptile~Team Reptile~No~May 10, 2017~May 10, 2017~May 9, 2017~
Lethal League Blaze~Fighting~Team Reptile~Team Reptile~No~2018~2018~2018~
Letter Quest: Grimm's Journey Remastered~Puzzle~Bacon Bandit Games~Digerati~No~Unreleased~May 18, 2016~May 17, 2016~
Let Them Come~Shooter~Tuatara Games~Versus Evil~No~Dec 8, 2017~Dec 8, 2017~Dec 8, 2017~
Lichdom: Battlemage~Action RPG~Xaviant~Maximum Games~No~Unreleased~Apr 22, 2016~Apr 19, 2016~
Lichtspeer~Action~Lichthund~Lichthund~No~Unreleased~Sep 29, 2016~Sep 27, 2016~
Life Goes On: Done to Death~Platform, puzzle~Infinite Monkeys Ent.~Infinite Monkeys Ent.~Console~Aug 9, 2016~May 17, 2016~May 17, 2016~
Life Is Strange~Action-adventure~Dontnod Ent.~Square Enix~No~Mar 2, 2016~Jan 30, 2015~Jan 30, 2015~	[75]
Life Is Strange: Before the Storm~Action-adventure~Deck Nine Games~Square Enix~No~Aug 31, 2017~Aug 31, 2017~Aug 31, 2017~ P ~[10]
Limbo~Platform~Double Eleven~Playdead~No~Feb 24, 2015~Feb 24, 2015~Feb 24, 2015~	[78]
Linelight~Puzzle~My Dog Zorro~My Dog Zorro~No~2017~2017~2017~
Lithium: Inmate 39~Horror, puzzle~CanuArts~CanuArts~Console~Unreleased~May 31, 2017~Oct 25, 2016~	[79]
Little Witch Academia: Chamber of Time~JRPG~A+ Games~Bandai Namco Ent.~Console~Nov 30, 2017~2018~2018~	[101]
The Little Acre~Graphic adventure~Pewter Games~Curve Digital~No~Dec 13, 2016~Dec 13, 2016~Dec 13, 2016~
LittleBigPlanet 3~Platform, puzzle~Sumo Digital~Sony Computer Ent.~Sony~Dec 4, 2014~Nov 19, 2014~Nov 18, 2014~ C  M ~[77]
Little Devil Inside~Action-adventure~Neostream~	No~TBA~TBA~TBA~
Little Nightmares~Action-adventure~Tarsier Studios~Bandai Namco Ent.~No~Apr 28, 2017~Apr 28, 2017~Apr 28, 2017~ P ~[80]
Livelock~Shoot 'em up~Tuque Games~Perfect World~No~Unreleased~Aug 31, 2016~Aug 2, 2016~	[41]
Lock's Quest~Real-time strategy~Digital Continue~THQ Nordic~No~May 30, 2017~May 30, 2017~May 30, 2017~
LocoRoco Remastered~Platform, puzzle~SCE Japan Studio~Sony Interactive Ent.~Sony~May 9, 2017~May 9, 2017~May 9, 2017~ P ~[97]
LocoRoco 2 Remastered~Platform, puzzle~SCE Japan Studio~Sony Interactive Ent.~Sony~Dec 9, 2017~Dec 9, 2017~Dec 9, 2017~ P ~
Lone Survivor: Director's Cut~Survival horror~Superflat Games~Superflat Games~No~Unreleased~Oct 14, 2014~Oct 15, 2014~	[85]
The Long Dark~Survival~Hinterland Studio~Hinterland Studio~No~Unreleased~Aug 1, 2017~Aug 1, 2017~
Loot Rascals~Roguelike~Hollow Ponds~Hollow Ponds~Console~2017~2017~2017~
Lords of the Fallen~Action RPG~Deck13 Interactive~City Interactive~No~Oct 31, 2014~Oct 28, 2014~Oct 28, 2014~	[1]
The Lost~	Dreamgame~Dreamgame~Yes~Released exclusively in China (TBA)~	[17]
Lost Castle~RPG~Hunter Studio~Another Indie~No~TBA~TBA~TBA~
Lost Sea~Action-adventure~eastasiasoft~eastasiasoft~No~Jul 7, 2016~Jul 5, 2016~Jul 5, 2016~	[47]
Lost Soul Aside~Action~Yang Bing~Ultizero Co.~Timed~2018~2018~2018~	[64]
Lost Sphear~JRPG~Tokyo RPG Factory~Square Enix~No~Oct 12, 2017~Jan 23, 2018~Jan 23, 2018~
Lovers in a Dangerous Spacetime~2D platform, action~Asteroid Base~Asteroid Base~No~Sep 28, 2016~Feb 9, 2016~Feb 9, 2016~
Lumo~Action-adventure~Triple Eh?~Rising Star Games~No~Oct 20, 2016~May 24, 2016~May 24, 2016~	[67]
